resource phase=service-updates-start
{"elapsed_ns": 1231584422, "python_current_bytes": null, "python_peak_bytes": null, "rss_after_bytes": 434749440, "rss_before_bytes": 98799616, "rss_measurement": "resident", "sizes": {"edges": 2000000, "saturated_rows": 0, "upper_rows": 1000000, "vertices": 1000000}, "stage": "system.index"}
{"elapsed_ns": 712310507, "python_current_bytes": null, "python_peak_bytes": null, "rss_after_bytes": 434974720, "rss_before_bytes": 434974720, "rss_measurement": "resident", "sizes": {"edges": 2000000, "seed_edges": 0, "vertices": 1000000}, "stage": "matching.construct"}
{"elapsed_ns": 8182034452, "python_current_bytes": null, "python_peak_bytes": null, "rss_after_bytes": 435101696, "rss_before_bytes": 82788352, "rss_measurement": "resident", "sizes": {"edges": 2000000, "mode_edges": 0, "vertices": 1000000}, "stage": "matcher.rebuild"}
{"elapsed_ns": 8216457047, "python_current_bytes": null, "python_peak_bytes": null, "rss_after_bytes": 435130368, "rss_before_bytes": 29777920, "rss_measurement": "resident", "sizes": {}, "stage": "durable.recovery"}
resource phase=service-ready initialization_seconds=8.219
{"elapsed_ns": 24084767, "python_current_bytes": null, "python_peak_bytes": null, "rss_after_bytes": 436387840, "rss_before_bytes": 435437568, "rss_measurement": "resident", "sizes": {"edges": 2000000, "max_operations": 256, "vertices": 1000000}, "stage": "matcher.atomic_batch"}
{"elapsed_ns": 24583396, "python_current_bytes": null, "python_peak_bytes": null, "rss_after_bytes": 436355072, "rss_before_bytes": 435388416, "rss_measurement": "resident", "sizes": {"edges": 2000000, "requests": 256, "vertices": 1000000}, "stage": "durable.apply"}
{"elapsed_ns": 19646399, "python_current_bytes": null, "python_peak_bytes": null, "rss_after_bytes": 436551680, "rss_before_bytes": 436383744, "rss_measurement": "resident", "sizes": {"edges": 2000256, "max_operations": 256, "vertices": 1000000}, "stage": "matcher.atomic_batch"}
{"elapsed_ns": 20007652, "python_current_bytes": null, "python_peak_bytes": null, "rss_after_bytes": 436518912, "rss_before_bytes": 436350976, "rss_measurement": "resident", "sizes": {"edges": 2000256, "requests": 256, "vertices": 1000000}, "stage": "durable.apply"}
{"elapsed_ns": 20048945, "python_current_bytes": null, "python_peak_bytes": null, "rss_after_bytes": 436666368, "rss_before_bytes": 436527104, "rss_measurement": "resident", "sizes": {"edges": 2000512, "max_operations": 256, "vertices": 1000000}, "stage": "matcher.atomic_batch"}
{"elapsed_ns": 20399446, "python_current_bytes": null, "python_peak_bytes": null, "rss_after_bytes": 436633600, "rss_before_bytes": 436506624, "rss_measurement": "resident", "sizes": {"edges": 2000512, "requests": 256, "vertices": 1000000}, "stage": "durable.apply"}
{"elapsed_ns": 19808275, "python_current_bytes": null, "python_peak_bytes": null, "rss_after_bytes": 436744192, "rss_before_bytes": 436641792, "rss_measurement": "resident", "sizes": {"edges": 2000768, "max_operations": 256, "vertices": 1000000}, "stage": "matcher.atomic_batch"}
{"elapsed_ns": 20153153, "python_current_bytes": null, "python_peak_bytes": null, "rss_after_bytes": 436711424, "rss_before_bytes": 436621312, "rss_measurement": "resident", "sizes": {"edges": 2000768, "requests": 256, "vertices": 1000000}, "stage": "durable.apply"}
{"elapsed_ns": 19974944, "python_current_bytes": null, "python_peak_bytes": null, "rss_after_bytes": 436936704, "rss_before_bytes": 436727808, "rss_measurement": "resident", "sizes": {"edges": 2001024, "max_operations": 256, "vertices": 1000000}, "stage": "matcher.atomic_batch"}
{"elapsed_ns": 20345238, "python_current_bytes": null, "python_peak_bytes": null, "rss_after_bytes": 436903936, "rss_before_bytes": 436699136, "rss_measurement": "resident", "sizes": {"edges": 2001024, "requests": 256, "vertices": 1000000}, "stage": "durable.apply"}
{"elapsed_ns": 20315904, "python_current_bytes": null, "python_peak_bytes": null, "rss_after_bytes": 437104640, "rss_before_bytes": 436912128, "rss_measurement": "resident", "sizes": {"edges": 2001280, "max_operations": 256, "vertices": 1000000}, "stage": "matcher.atomic_batch"}
{"elapsed_ns": 20731158, "python_current_bytes": null, "python_peak_bytes": null, "rss_after_bytes": 437071872, "rss_before_bytes": 436891648, "rss_measurement": "resident", "sizes": {"edges": 2001280, "requests": 256, "vertices": 1000000}, "stage": "durable.apply"}
{"elapsed_ns": 19462648, "python_current_bytes": null, "python_peak_bytes": null, "rss_after_bytes": 437198848, "rss_before_bytes": 437080064, "rss_measurement": "resident", "sizes": {"edges": 2001536, "max_operations": 256, "vertices": 1000000}, "stage": "matcher.atomic_batch"}
{"elapsed_ns": 19811401, "python_current_bytes": null, "python_peak_bytes": null, "rss_after_bytes": 437166080, "rss_before_bytes": 437059584, "rss_measurement": "resident", "sizes": {"edges": 2001536, "requests": 256, "vertices": 1000000}, "stage": "durable.apply"}
{"elapsed_ns": 19560274, "python_current_bytes": null, "python_peak_bytes": null, "rss_after_bytes": 437305344, "rss_before_bytes": 437182464, "rss_measurement": "resident", "sizes": {"edges": 2001792, "max_operations": 256, "vertices": 1000000}, "stage": "matcher.atomic_batch"}
{"elapsed_ns": 19978777, "python_current_bytes": null, "python_peak_bytes": null, "rss_after_bytes": 437272576, "rss_before_bytes": 437161984, "rss_measurement": "resident", "sizes": {"edges": 2001792, "requests": 256, "vertices": 1000000}, "stage": "durable.apply"}
{"elapsed_ns": 19874068, "python_current_bytes": null, "python_peak_bytes": null, "rss_after_bytes": 437399552, "rss_before_bytes": 437280768, "rss_measurement": "resident", "sizes": {"edges": 2002048, "max_operations": 256, "vertices": 1000000}, "stage": "matcher.atomic_batch"}
{"elapsed_ns": 20241488, "python_current_bytes": null, "python_peak_bytes": null, "rss_after_bytes": 437366784, "rss_before_bytes": 437260288, "rss_measurement": "resident", "sizes": {"edges": 2002048, "requests": 256, "vertices": 1000000}, "stage": "durable.apply"}
{"elapsed_ns": 19143479, "python_current_bytes": null, "python_peak_bytes": null, "rss_after_bytes": 437501952, "rss_before_bytes": 437383168, "rss_measurement": "resident", "sizes": {"edges": 2002304, "max_operations": 256, "vertices": 1000000}, "stage": "matcher.atomic_batch"}
{"elapsed_ns": 19491606, "python_current_bytes": null, "python_peak_bytes": null, "rss_after_bytes": 437469184, "rss_before_bytes": 437354496, "rss_measurement": "resident", "sizes": {"edges": 2002304, "requests": 256, "vertices": 1000000}, "stage": "durable.apply"}
{"elapsed_ns": 19310564, "python_current_bytes": null, "python_peak_bytes": null, "rss_after_bytes": 437747712, "rss_before_bytes": 437485568, "rss_measurement": "resident", "sizes": {"edges": 2002560, "max_operations": 256, "vertices": 1000000}, "stage": "matcher.atomic_batch"}
{"elapsed_ns": 19695358, "python_current_bytes": null, "python_peak_bytes": null, "rss_after_bytes": 437714944, "rss_before_bytes": 437456896, "rss_measurement": "resident", "sizes": {"edges": 2002560, "requests": 256, "vertices": 1000000}, "stage": "durable.apply"}
{"elapsed_ns": 19263605, "python_current_bytes": null, "python_peak_bytes": null, "rss_after_bytes": 437862400, "rss_before_bytes": 437731328, "rss_measurement": "resident", "sizes": {"edges": 2002816, "max_operations": 256, "vertices": 1000000}, "stage": "matcher.atomic_batch"}
{"elapsed_ns": 19613691, "python_current_bytes": null, "python_peak_bytes": null, "rss_after_bytes": 437829632, "rss_before_bytes": 437710848, "rss_measurement": "resident", "sizes": {"edges": 2002816, "requests": 256, "vertices": 1000000}, "stage": "durable.apply"}
{"elapsed_ns": 19799150, "python_current_bytes": null, "python_peak_bytes": null, "rss_after_bytes": 437956608, "rss_before_bytes": 437846016, "rss_measurement": "resident", "sizes": {"edges": 2003072, "max_operations": 256, "vertices": 1000000}, "stage": "matcher.atomic_batch"}
{"elapsed_ns": 20142612, "python_current_bytes": null, "python_peak_bytes": null, "rss_after_bytes": 437923840, "rss_before_bytes": 437825536, "rss_measurement": "resident", "sizes": {"edges": 2003072, "requests": 256, "vertices": 1000000}, "stage": "durable.apply"}
{"elapsed_ns": 20107153, "python_current_bytes": null, "python_peak_bytes": null, "rss_after_bytes": 438050816, "rss_before_bytes": 437940224, "rss_measurement": "resident", "sizes": {"edges": 2003328, "max_operations": 256, "vertices": 1000000}, "stage": "matcher.atomic_batch"}
{"elapsed_ns": 20475905, "python_current_bytes": null, "python_peak_bytes": null, "rss_after_bytes": 438018048, "rss_before_bytes": 437919744, "rss_measurement": "resident", "sizes": {"edges": 2003328, "requests": 256, "vertices": 1000000}, "stage": "durable.apply"}
{"elapsed_ns": 19922402, "python_current_bytes": null, "python_peak_bytes": null, "rss_after_bytes": 438153216, "rss_before_bytes": 438034432, "rss_measurement": "resident", "sizes": {"edges": 2003584, "max_operations": 256, "vertices": 1000000}, "stage": "matcher.atomic_batch"}
{"elapsed_ns": 20279404, "python_current_bytes": null, "python_peak_bytes": null, "rss_after_bytes": 438120448, "rss_before_bytes": 438013952, "rss_measurement": "resident", "sizes": {"edges": 2003584, "requests": 256, "vertices": 1000000}, "stage": "durable.apply"}
{"elapsed_ns": 20074111, "python_current_bytes": null, "python_peak_bytes": null, "rss_after_bytes": 438251520, "rss_before_bytes": 438128640, "rss_measurement": "resident", "sizes": {"edges": 2003840, "max_operations": 256, "vertices": 1000000}, "stage": "matcher.atomic_batch"}
{"elapsed_ns": 20448281, "python_current_bytes": null, "python_peak_bytes": null, "rss_after_bytes": 438218752, "rss_before_bytes": 438108160, "rss_measurement": "resident", "sizes": {"edges": 2003840, "requests": 256, "vertices": 1000000}, "stage": "durable.apply"}
{"elapsed_ns": 19982985, "python_current_bytes": null, "python_peak_bytes": null, "rss_after_bytes": 438345728, "rss_before_bytes": 438226944, "rss_measurement": "resident", "sizes": {"edges": 2004096, "max_operations": 256, "vertices": 1000000}, "stage": "matcher.atomic_batch"}
{"elapsed_ns": 20342280, "python_current_bytes": null, "python_peak_bytes": null, "rss_after_bytes": 438312960, "rss_before_bytes": 438206464, "rss_measurement": "resident", "sizes": {"edges": 2004096, "requests": 256, "vertices": 1000000}, "stage": "durable.apply"}
{"elapsed_ns": 25847697, "python_current_bytes": null, "python_peak_bytes": null, "rss_after_bytes": 438439936, "rss_before_bytes": 438321152, "rss_measurement": "resident", "sizes": {"edges": 2004352, "max_operations": 256, "vertices": 1000000}, "stage": "matcher.atomic_batch"}
{"elapsed_ns": 26244367, "python_current_bytes": null, "python_peak_bytes": null, "rss_after_bytes": 438407168, "rss_before_bytes": 438300672, "rss_measurement": "resident", "sizes": {"edges": 2004352, "requests": 256, "vertices": 1000000}, "stage": "durable.apply"}
{"elapsed_ns": 20036444, "python_current_bytes": null, "python_peak_bytes": null, "rss_after_bytes": 438542336, "rss_before_bytes": 438423552, "rss_measurement": "resident", "sizes": {"edges": 2004608, "max_operations": 256, "vertices": 1000000}, "stage": "matcher.atomic_batch"}
{"elapsed_ns": 20429281, "python_current_bytes": null, "python_peak_bytes": null, "rss_after_bytes": 438509568, "rss_before_bytes": 438403072, "rss_measurement": "resident", "sizes": {"edges": 2004608, "requests": 256, "vertices": 1000000}, "stage": "durable.apply"}
{"elapsed_ns": 20224987, "python_current_bytes": null, "python_peak_bytes": null, "rss_after_bytes": 439029760, "rss_before_bytes": 438525952, "rss_measurement": "resident", "sizes": {"edges": 2004864, "max_operations": 256, "vertices": 1000000}, "stage": "matcher.atomic_batch"}
{"elapsed_ns": 20612157, "python_current_bytes": null, "python_peak_bytes": null, "rss_after_bytes": 438996992, "rss_before_bytes": 438505472, "rss_measurement": "resident", "sizes": {"edges": 2004864, "requests": 256, "vertices": 1000000}, "stage": "durable.apply"}
{"elapsed_ns": 19519232, "python_current_bytes": null, "python_peak_bytes": null, "rss_after_bytes": 439123968, "rss_before_bytes": 439005184, "rss_measurement": "resident", "sizes": {"edges": 2005120, "max_operations": 256, "vertices": 1000000}, "stage": "matcher.atomic_batch"}
{"elapsed_ns": 19894485, "python_current_bytes": null, "python_peak_bytes": null, "rss_after_bytes": 439091200, "rss_before_bytes": 438984704, "rss_measurement": "resident", "sizes": {"edges": 2005120, "requests": 256, "vertices": 1000000}, "stage": "durable.apply"}
{"elapsed_ns": 20547698, "python_current_bytes": null, "python_peak_bytes": null, "rss_after_bytes": 439521280, "rss_before_bytes": 439099392, "rss_measurement": "resident", "sizes": {"edges": 2005376, "max_operations": 256, "vertices": 1000000}, "stage": "matcher.atomic_batch"}
{"elapsed_ns": 20925367, "python_current_bytes": null, "python_peak_bytes": null, "rss_after_bytes": 439488512, "rss_before_bytes": 439078912, "rss_measurement": "resident", "sizes": {"edges": 2005376, "requests": 256, "vertices": 1000000}, "stage": "durable.apply"}
{"elapsed_ns": 19888318, "python_current_bytes": null, "python_peak_bytes": null, "rss_after_bytes": 439615488, "rss_before_bytes": 439496704, "rss_measurement": "resident", "sizes": {"edges": 2005632, "max_operations": 256, "vertices": 1000000}, "stage": "matcher.atomic_batch"}
{"elapsed_ns": 20285154, "python_current_bytes": null, "python_peak_bytes": null, "rss_after_bytes": 439582720, "rss_before_bytes": 439476224, "rss_measurement": "resident", "sizes": {"edges": 2005632, "requests": 256, "vertices": 1000000}, "stage": "durable.apply"}
{"elapsed_ns": 19928068, "python_current_bytes": null, "python_peak_bytes": null, "rss_after_bytes": 439713792, "rss_before_bytes": 439599104, "rss_measurement": "resident", "sizes": {"edges": 2005888, "max_operations": 256, "vertices": 1000000}, "stage": "matcher.atomic_batch"}
{"elapsed_ns": 20315612, "python_current_bytes": null, "python_peak_bytes": null, "rss_after_bytes": 439681024, "rss_before_bytes": 439578624, "rss_measurement": "resident", "sizes": {"edges": 2005888, "requests": 256, "vertices": 1000000}, "stage": "durable.apply"}
{"elapsed_ns": 20464073, "python_current_bytes": null, "python_peak_bytes": null, "rss_after_bytes": 439812096, "rss_before_bytes": 439697408, "rss_measurement": "resident", "sizes": {"edges": 2006144, "max_operations": 256, "vertices": 1000000}, "stage": "matcher.atomic_batch"}
{"elapsed_ns": 20843034, "python_current_bytes": null, "python_peak_bytes": null, "rss_after_bytes": 439779328, "rss_before_bytes": 439676928, "rss_measurement": "resident", "sizes": {"edges": 2006144, "requests": 256, "vertices": 1000000}, "stage": "durable.apply"}
{"elapsed_ns": 20524823, "python_current_bytes": null, "python_peak_bytes": null, "rss_after_bytes": 439918592, "rss_before_bytes": 439795712, "rss_measurement": "resident", "sizes": {"edges": 2006400, "max_operations": 256, "vertices": 1000000}, "stage": "matcher.atomic_batch"}
{"elapsed_ns": 20888243, "python_current_bytes": null, "python_peak_bytes": null, "rss_after_bytes": 439885824, "rss_before_bytes": 439775232, "rss_measurement": "resident", "sizes": {"edges": 2006400, "requests": 256, "vertices": 1000000}, "stage": "durable.apply"}
{"elapsed_ns": 20441906, "python_current_bytes": null, "python_peak_bytes": null, "rss_after_bytes": 440012800, "rss_before_bytes": 439894016, "rss_measurement": "resident", "sizes": {"edges": 2006656, "max_operations": 256, "vertices": 1000000}, "stage": "matcher.atomic_batch"}
{"elapsed_ns": 20801616, "python_current_bytes": null, "python_peak_bytes": null, "rss_after_bytes": 439980032, "rss_before_bytes": 439873536, "rss_measurement": "resident", "sizes": {"edges": 2006656, "requests": 256, "vertices": 1000000}, "stage": "durable.apply"}
{"elapsed_ns": 19465231, "python_current_bytes": null, "python_peak_bytes": null, "rss_after_bytes": 440107008, "rss_before_bytes": 439996416, "rss_measurement": "resident", "sizes": {"edges": 2006912, "max_operations": 256, "vertices": 1000000}, "stage": "matcher.atomic_batch"}
{"elapsed_ns": 19847192, "python_current_bytes": null, "python_peak_bytes": null, "rss_after_bytes": 440074240, "rss_before_bytes": 439975936, "rss_measurement": "resident", "sizes": {"edges": 2006912, "requests": 256, "vertices": 1000000}, "stage": "durable.apply"}
{"elapsed_ns": 19659441, "python_current_bytes": null, "python_peak_bytes": null, "rss_after_bytes": 440209408, "rss_before_bytes": 440082432, "rss_measurement": "resident", "sizes": {"edges": 2007168, "max_operations": 256, "vertices": 1000000}, "stage": "matcher.atomic_batch"}
{"elapsed_ns": 20013485, "python_current_bytes": null, "python_peak_bytes": null, "rss_after_bytes": 440176640, "rss_before_bytes": 440061952, "rss_measurement": "resident", "sizes": {"edges": 2007168, "requests": 256, "vertices": 1000000}, "stage": "durable.apply"}
{"elapsed_ns": 20405988, "python_current_bytes": null, "python_peak_bytes": null, "rss_after_bytes": 440303616, "rss_before_bytes": 440184832, "rss_measurement": "resident", "sizes": {"edges": 2007424, "max_operations": 256, "vertices": 1000000}, "stage": "matcher.atomic_batch"}
{"elapsed_ns": 20754992, "python_current_bytes": null, "python_peak_bytes": null, "rss_after_bytes": 440270848, "rss_before_bytes": 440164352, "rss_measurement": "resident", "sizes": {"edges": 2007424, "requests": 256, "vertices": 1000000}, "stage": "durable.apply"}
{"elapsed_ns": 19933276, "python_current_bytes": null, "python_peak_bytes": null, "rss_after_bytes": 440397824, "rss_before_bytes": 440279040, "rss_measurement": "resident", "sizes": {"edges": 2007680, "max_operations": 256, "vertices": 1000000}, "stage": "matcher.atomic_batch"}
{"elapsed_ns": 20272738, "python_current_bytes": null, "python_peak_bytes": null, "rss_after_bytes": 440365056, "rss_before_bytes": 440258560, "rss_measurement": "resident", "sizes": {"edges": 2007680, "requests": 256, "vertices": 1000000}, "stage": "durable.apply"}
{"elapsed_ns": 19258855, "python_current_bytes": null, "python_peak_bytes": null, "rss_after_bytes": 440492032, "rss_before_bytes": 440373248, "rss_measurement": "resident", "sizes": {"edges": 2007936, "max_operations": 256, "vertices": 1000000}, "stage": "matcher.atomic_batch"}
{"elapsed_ns": 19634108, "python_current_bytes": null, "python_peak_bytes": null, "rss_after_bytes": 440459264, "rss_before_bytes": 440352768, "rss_measurement": "resident", "sizes": {"edges": 2007936, "requests": 256, "vertices": 1000000}, "stage": "durable.apply"}
{"elapsed_ns": 19797984, "python_current_bytes": null, "python_peak_bytes": null, "rss_after_bytes": 440594432, "rss_before_bytes": 440467456, "rss_measurement": "resident", "sizes": {"edges": 2008192, "max_operations": 256, "vertices": 1000000}, "stage": "matcher.atomic_batch"}
{"elapsed_ns": 20168820, "python_current_bytes": null, "python_peak_bytes": null, "rss_after_bytes": 440561664, "rss_before_bytes": 440446976, "rss_measurement": "resident", "sizes": {"edges": 2008192, "requests": 256, "vertices": 1000000}, "stage": "durable.apply"}
{"elapsed_ns": 20483531, "python_current_bytes": null, "python_peak_bytes": null, "rss_after_bytes": 440688640, "rss_before_bytes": 440569856, "rss_measurement": "resident", "sizes": {"edges": 2008448, "max_operations": 256, "vertices": 1000000}, "stage": "matcher.atomic_batch"}
{"elapsed_ns": 20845534, "python_current_bytes": null, "python_peak_bytes": null, "rss_after_bytes": 440655872, "rss_before_bytes": 440549376, "rss_measurement": "resident", "sizes": {"edges": 2008448, "requests": 256, "vertices": 1000000}, "stage": "durable.apply"}
{"elapsed_ns": 21969667, "python_current_bytes": null, "python_peak_bytes": null, "rss_after_bytes": 440782848, "rss_before_bytes": 440664064, "rss_measurement": "resident", "sizes": {"edges": 2008704, "max_operations": 256, "vertices": 1000000}, "stage": "matcher.atomic_batch"}
{"elapsed_ns": 22331545, "python_current_bytes": null, "python_peak_bytes": null, "rss_after_bytes": 440750080, "rss_before_bytes": 440643584, "rss_measurement": "resident", "sizes": {"edges": 2008704, "requests": 256, "vertices": 1000000}, "stage": "durable.apply"}
{"elapsed_ns": 20394613, "python_current_bytes": null, "python_peak_bytes": null, "rss_after_bytes": 440889344, "rss_before_bytes": 440758272, "rss_measurement": "resident", "sizes": {"edges": 2008960, "max_operations": 256, "vertices": 1000000}, "stage": "matcher.atomic_batch"}
{"elapsed_ns": 20742157, "python_current_bytes": null, "python_peak_bytes": null, "rss_after_bytes": 440856576, "rss_before_bytes": 440737792, "rss_measurement": "resident", "sizes": {"edges": 2008960, "requests": 256, "vertices": 1000000}, "stage": "durable.apply"}
{"elapsed_ns": 20167487, "python_current_bytes": null, "python_peak_bytes": null, "rss_after_bytes": 440983552, "rss_before_bytes": 440872960, "rss_measurement": "resident", "sizes": {"edges": 2009216, "max_operations": 256, "vertices": 1000000}, "stage": "matcher.atomic_batch"}
{"elapsed_ns": 20549240, "python_current_bytes": null, "python_peak_bytes": null, "rss_after_bytes": 440950784, "rss_before_bytes": 440852480, "rss_measurement": "resident", "sizes": {"edges": 2009216, "requests": 256, "vertices": 1000000}, "stage": "durable.apply"}
{"elapsed_ns": 19770150, "python_current_bytes": null, "python_peak_bytes": null, "rss_after_bytes": 441085952, "rss_before_bytes": 440967168, "rss_measurement": "resident", "sizes": {"edges": 2009472, "max_operations": 256, "vertices": 1000000}, "stage": "matcher.atomic_batch"}
{"elapsed_ns": 20111736, "python_current_bytes": null, "python_peak_bytes": null, "rss_after_bytes": 441053184, "rss_before_bytes": 440946688, "rss_measurement": "resident", "sizes": {"edges": 2009472, "requests": 256, "vertices": 1000000}, "stage": "durable.apply"}
{"elapsed_ns": 19781692, "python_current_bytes": null, "python_peak_bytes": null, "rss_after_bytes": 441180160, "rss_before_bytes": 441069568, "rss_measurement": "resident", "sizes": {"edges": 2009728, "max_operations": 256, "vertices": 1000000}, "stage": "matcher.atomic_batch"}
{"elapsed_ns": 20145028, "python_current_bytes": null, "python_peak_bytes": null, "rss_after_bytes": 441147392, "rss_before_bytes": 441049088, "rss_measurement": "resident", "sizes": {"edges": 2009728, "requests": 256, "vertices": 1000000}, "stage": "durable.apply"}
{"elapsed_ns": 19980985, "python_current_bytes": null, "python_peak_bytes": null, "rss_after_bytes": 441282560, "rss_before_bytes": 441163776, "rss_measurement": "resident", "sizes": {"edges": 2009984, "max_operations": 256, "vertices": 1000000}, "stage": "matcher.atomic_batch"}
{"elapsed_ns": 20329572, "python_current_bytes": null, "python_peak_bytes": null, "rss_after_bytes": 441249792, "rss_before_bytes": 441143296, "rss_measurement": "resident", "sizes": {"edges": 2009984, "requests": 256, "vertices": 1000000}, "stage": "durable.apply"}
{"elapsed_ns": 19504440, "python_current_bytes": null, "python_peak_bytes": null, "rss_after_bytes": 441376768, "rss_before_bytes": 441266176, "rss_measurement": "resident", "sizes": {"edges": 2010240, "max_operations": 256, "vertices": 1000000}, "stage": "matcher.atomic_batch"}
{"elapsed_ns": 19879776, "python_current_bytes": null, "python_peak_bytes": null, "rss_after_bytes": 441344000, "rss_before_bytes": 441245696, "rss_measurement": "resident", "sizes": {"edges": 2010240, "requests": 256, "vertices": 1000000}, "stage": "durable.apply"}
{"elapsed_ns": 20090986, "python_current_bytes": null, "python_peak_bytes": null, "rss_after_bytes": 441470976, "rss_before_bytes": 441352192, "rss_measurement": "resident", "sizes": {"edges": 2010496, "max_operations": 256, "vertices": 1000000}, "stage": "matcher.atomic_batch"}
{"elapsed_ns": 20440197, "python_current_bytes": null, "python_peak_bytes": null, "rss_after_bytes": 441438208, "rss_before_bytes": 441331712, "rss_measurement": "resident", "sizes": {"edges": 2010496, "requests": 256, "vertices": 1000000}, "stage": "durable.apply"}
{"elapsed_ns": 19494315, "python_current_bytes": null, "python_peak_bytes": null, "rss_after_bytes": 442294272, "rss_before_bytes": 441446400, "rss_measurement": "resident", "sizes": {"edges": 2010752, "max_operations": 256, "vertices": 1000000}, "stage": "matcher.atomic_batch"}
{"elapsed_ns": 19976486, "python_current_bytes": null, "python_peak_bytes": null, "rss_after_bytes": 442261504, "rss_before_bytes": 441425920, "rss_measurement": "resident", "sizes": {"edges": 2010752, "requests": 256, "vertices": 1000000}, "stage": "durable.apply"}
{"elapsed_ns": 19729775, "python_current_bytes": null, "python_peak_bytes": null, "rss_after_bytes": 442384384, "rss_before_bytes": 442269696, "rss_measurement": "resident", "sizes": {"edges": 2011008, "max_operations": 256, "vertices": 1000000}, "stage": "matcher.atomic_batch"}
{"elapsed_ns": 20080819, "python_current_bytes": null, "python_peak_bytes": null, "rss_after_bytes": 442351616, "rss_before_bytes": 442249216, "rss_measurement": "resident", "sizes": {"edges": 2011008, "requests": 256, "vertices": 1000000}, "stage": "durable.apply"}
{"elapsed_ns": 19360189, "python_current_bytes": null, "python_peak_bytes": null, "rss_after_bytes": 442478592, "rss_before_bytes": 442368000, "rss_measurement": "resident", "sizes": {"edges": 2011264, "max_operations": 256, "vertices": 1000000}, "stage": "matcher.atomic_batch"}
{"elapsed_ns": 19727192, "python_current_bytes": null, "python_peak_bytes": null, "rss_after_bytes": 442445824, "rss_before_bytes": 442347520, "rss_measurement": "resident", "sizes": {"edges": 2011264, "requests": 256, "vertices": 1000000}, "stage": "durable.apply"}
{"elapsed_ns": 20041736, "python_current_bytes": null, "python_peak_bytes": null, "rss_after_bytes": 442576896, "rss_before_bytes": 442462208, "rss_measurement": "resident", "sizes": {"edges": 2011520, "max_operations": 256, "vertices": 1000000}, "stage": "matcher.atomic_batch"}
{"elapsed_ns": 20463780, "python_current_bytes": null, "python_peak_bytes": null, "rss_after_bytes": 442544128, "rss_before_bytes": 442433536, "rss_measurement": "resident", "sizes": {"edges": 2011520, "requests": 256, "vertices": 1000000}, "stage": "durable.apply"}
{"elapsed_ns": 19648191, "python_current_bytes": null, "python_peak_bytes": null, "rss_after_bytes": 442679296, "rss_before_bytes": 442560512, "rss_measurement": "resident", "sizes": {"edges": 2011776, "max_operations": 256, "vertices": 1000000}, "stage": "matcher.atomic_batch"}
{"elapsed_ns": 20033986, "python_current_bytes": null, "python_peak_bytes": null, "rss_after_bytes": 442646528, "rss_before_bytes": 442540032, "rss_measurement": "resident", "sizes": {"edges": 2011776, "requests": 256, "vertices": 1000000}, "stage": "durable.apply"}
{"elapsed_ns": 19779859, "python_current_bytes": null, "python_peak_bytes": null, "rss_after_bytes": 442773504, "rss_before_bytes": 442662912, "rss_measurement": "resident", "sizes": {"edges": 2012032, "max_operations": 256, "vertices": 1000000}, "stage": "matcher.atomic_batch"}
{"elapsed_ns": 20150779, "python_current_bytes": null, "python_peak_bytes": null, "rss_after_bytes": 442740736, "rss_before_bytes": 442642432, "rss_measurement": "resident", "sizes": {"edges": 2012032, "requests": 256, "vertices": 1000000}, "stage": "durable.apply"}
{"elapsed_ns": 19473981, "python_current_bytes": null, "python_peak_bytes": null, "rss_after_bytes": 442867712, "rss_before_bytes": 442757120, "rss_measurement": "resident", "sizes": {"edges": 2012288, "max_operations": 256, "vertices": 1000000}, "stage": "matcher.atomic_batch"}
{"elapsed_ns": 20014527, "python_current_bytes": null, "python_peak_bytes": null, "rss_after_bytes": 442834944, "rss_before_bytes": 442736640, "rss_measurement": "resident", "sizes": {"edges": 2012288, "requests": 256, "vertices": 1000000}, "stage": "durable.apply"}
{"elapsed_ns": 19753483, "python_current_bytes": null, "python_peak_bytes": null, "rss_after_bytes": 442961920, "rss_before_bytes": 442843136, "rss_measurement": "resident", "sizes": {"edges": 2012544, "max_operations": 256, "vertices": 1000000}, "stage": "matcher.atomic_batch"}
{"elapsed_ns": 20124278, "python_current_bytes": null, "python_peak_bytes": null, "rss_after_bytes": 442929152, "rss_before_bytes": 442822656, "rss_measurement": "resident", "sizes": {"edges": 2012544, "requests": 256, "vertices": 1000000}, "stage": "durable.apply"}
{"elapsed_ns": 19960819, "python_current_bytes": null, "python_peak_bytes": null, "rss_after_bytes": 443064320, "rss_before_bytes": 442937344, "rss_measurement": "resident", "sizes": {"edges": 2012800, "max_operations": 256, "vertices": 1000000}, "stage": "matcher.atomic_batch"}
{"elapsed_ns": 20325446, "python_current_bytes": null, "python_peak_bytes": null, "rss_after_bytes": 443031552, "rss_before_bytes": 442916864, "rss_measurement": "resident", "sizes": {"edges": 2012800, "requests": 256, "vertices": 1000000}, "stage": "durable.apply"}
{"elapsed_ns": 20024153, "python_current_bytes": null, "python_peak_bytes": null, "rss_after_bytes": 443162624, "rss_before_bytes": 443039744, "rss_measurement": "resident", "sizes": {"edges": 2013056, "max_operations": 256, "vertices": 1000000}, "stage": "matcher.atomic_batch"}
{"elapsed_ns": 20405780, "python_current_bytes": null, "python_peak_bytes": null, "rss_after_bytes": 443129856, "rss_before_bytes": 443019264, "rss_measurement": "resident", "sizes": {"edges": 2013056, "requests": 256, "vertices": 1000000}, "stage": "durable.apply"}
{"elapsed_ns": 19465232, "python_current_bytes": null, "python_peak_bytes": null, "rss_after_bytes": 443256832, "rss_before_bytes": 443138048, "rss_measurement": "resident", "sizes": {"edges": 2013312, "max_operations": 256, "vertices": 1000000}, "stage": "matcher.atomic_batch"}
{"elapsed_ns": 19840193, "python_current_bytes": null, "python_peak_bytes": null, "rss_after_bytes": 443224064, "rss_before_bytes": 443117568, "rss_measurement": "resident", "sizes": {"edges": 2013312, "requests": 256, "vertices": 1000000}, "stage": "durable.apply"}
{"elapsed_ns": 19505274, "python_current_bytes": null, "python_peak_bytes": null, "rss_after_bytes": 443359232, "rss_before_bytes": 443240448, "rss_measurement": "resident", "sizes": {"edges": 2013568, "max_operations": 256, "vertices": 1000000}, "stage": "matcher.atomic_batch"}
{"elapsed_ns": 19882110, "python_current_bytes": null, "python_peak_bytes": null, "rss_after_bytes": 443326464, "rss_before_bytes": 443219968, "rss_measurement": "resident", "sizes": {"edges": 2013568, "requests": 256, "vertices": 1000000}, "stage": "durable.apply"}
{"elapsed_ns": 19529857, "python_current_bytes": null, "python_peak_bytes": null, "rss_after_bytes": 443453440, "rss_before_bytes": 443342848, "rss_measurement": "resident", "sizes": {"edges": 2013824, "max_operations": 256, "vertices": 1000000}, "stage": "matcher.atomic_batch"}
{"elapsed_ns": 19941735, "python_current_bytes": null, "python_peak_bytes": null, "rss_after_bytes": 443420672, "rss_before_bytes": 443314176, "rss_measurement": "resident", "sizes": {"edges": 2013824, "requests": 256, "vertices": 1000000}, "stage": "durable.apply"}
{"elapsed_ns": 19619274, "python_current_bytes": null, "python_peak_bytes": null, "rss_after_bytes": 443547648, "rss_before_bytes": 443428864, "rss_measurement": "resident", "sizes": {"edges": 2014080, "max_operations": 256, "vertices": 1000000}, "stage": "matcher.atomic_batch"}
{"elapsed_ns": 20008861, "python_current_bytes": null, "python_peak_bytes": null, "rss_after_bytes": 443514880, "rss_before_bytes": 443408384, "rss_measurement": "resident", "sizes": {"edges": 2014080, "requests": 256, "vertices": 1000000}, "stage": "durable.apply"}
{"elapsed_ns": 19422981, "python_current_bytes": null, "python_peak_bytes": null, "rss_after_bytes": 443641856, "rss_before_bytes": 443523072, "rss_measurement": "resident", "sizes": {"edges": 2014336, "max_operations": 256, "vertices": 1000000}, "stage": "matcher.atomic_batch"}
{"elapsed_ns": 19845609, "python_current_bytes": null, "python_peak_bytes": null, "rss_after_bytes": 443609088, "rss_before_bytes": 443502592, "rss_measurement": "resident", "sizes": {"edges": 2014336, "requests": 256, "vertices": 1000000}, "stage": "durable.apply"}
{"elapsed_ns": 19249063, "python_current_bytes": null, "python_peak_bytes": null, "rss_after_bytes": 443744256, "rss_before_bytes": 443625472, "rss_measurement": "resident", "sizes": {"edges": 2014592, "max_operations": 256, "vertices": 1000000}, "stage": "matcher.atomic_batch"}
{"elapsed_ns": 19636316, "python_current_bytes": null, "python_peak_bytes": null, "rss_after_bytes": 443711488, "rss_before_bytes": 443604992, "rss_measurement": "resident", "sizes": {"edges": 2014592, "requests": 256, "vertices": 1000000}, "stage": "durable.apply"}
{"elapsed_ns": 19901318, "python_current_bytes": null, "python_peak_bytes": null, "rss_after_bytes": 443838464, "rss_before_bytes": 443719680, "rss_measurement": "resident", "sizes": {"edges": 2014848, "max_operations": 256, "vertices": 1000000}, "stage": "matcher.atomic_batch"}
{"elapsed_ns": 20298946, "python_current_bytes": null, "python_peak_bytes": null, "rss_after_bytes": 443805696, "rss_before_bytes": 443699200, "rss_measurement": "resident", "sizes": {"edges": 2014848, "requests": 256, "vertices": 1000000}, "stage": "durable.apply"}
{"elapsed_ns": 19858234, "python_current_bytes": null, "python_peak_bytes": null, "rss_after_bytes": 443936768, "rss_before_bytes": 443813888, "rss_measurement": "resident", "sizes": {"edges": 2015104, "max_operations": 256, "vertices": 1000000}, "stage": "matcher.atomic_batch"}
{"elapsed_ns": 20246362, "python_current_bytes": null, "python_peak_bytes": null, "rss_after_bytes": 443904000, "rss_before_bytes": 443793408, "rss_measurement": "resident", "sizes": {"edges": 2015104, "requests": 256, "vertices": 1000000}, "stage": "durable.apply"}
{"elapsed_ns": 19480565, "python_current_bytes": null, "python_peak_bytes": null, "rss_after_bytes": 444039168, "rss_before_bytes": 443912192, "rss_measurement": "resident", "sizes": {"edges": 2015360, "max_operations": 256, "vertices": 1000000}, "stage": "matcher.atomic_batch"}
{"elapsed_ns": 19836276, "python_current_bytes": null, "python_peak_bytes": null, "rss_after_bytes": 444006400, "rss_before_bytes": 443891712, "rss_measurement": "resident", "sizes": {"edges": 2015360, "requests": 256, "vertices": 1000000}, "stage": "durable.apply"}
{"elapsed_ns": 19702234, "python_current_bytes": null, "python_peak_bytes": null, "rss_after_bytes": 444133376, "rss_before_bytes": 444014592, "rss_measurement": "resident", "sizes": {"edges": 2015616, "max_operations": 256, "vertices": 1000000}, "stage": "matcher.atomic_batch"}
{"elapsed_ns": 20065444, "python_current_bytes": null, "python_peak_bytes": null, "rss_after_bytes": 444100608, "rss_before_bytes": 443994112, "rss_measurement": "resident", "sizes": {"edges": 2015616, "requests": 256, "vertices": 1000000}, "stage": "durable.apply"}
{"elapsed_ns": 19583899, "python_current_bytes": null, "python_peak_bytes": null, "rss_after_bytes": 444227584, "rss_before_bytes": 444116992, "rss_measurement": "resident", "sizes": {"edges": 2015872, "max_operations": 256, "vertices": 1000000}, "stage": "matcher.atomic_batch"}
{"elapsed_ns": 20001777, "python_current_bytes": null, "python_peak_bytes": null, "rss_after_bytes": 444194816, "rss_before_bytes": 444096512, "rss_measurement": "resident", "sizes": {"edges": 2015872, "requests": 256, "vertices": 1000000}, "stage": "durable.apply"}
{"elapsed_ns": 19668941, "python_current_bytes": null, "python_peak_bytes": null, "rss_after_bytes": 444325888, "rss_before_bytes": 444211200, "rss_measurement": "resident", "sizes": {"edges": 2016128, "max_operations": 256, "vertices": 1000000}, "stage": "matcher.atomic_batch"}
{"elapsed_ns": 20031360, "python_current_bytes": null, "python_peak_bytes": null, "rss_after_bytes": 444293120, "rss_before_bytes": 444190720, "rss_measurement": "resident", "sizes": {"edges": 2016128, "requests": 256, "vertices": 1000000}, "stage": "durable.apply"}
{"elapsed_ns": 19215438, "python_current_bytes": null, "python_peak_bytes": null, "rss_after_bytes": 444428288, "rss_before_bytes": 444301312, "rss_measurement": "resident", "sizes": {"edges": 2016384, "max_operations": 256, "vertices": 1000000}, "stage": "matcher.atomic_batch"}
{"elapsed_ns": 19586608, "python_current_bytes": null, "python_peak_bytes": null, "rss_after_bytes": 444395520, "rss_before_bytes": 444280832, "rss_measurement": "resident", "sizes": {"edges": 2016384, "requests": 256, "vertices": 1000000}, "stage": "durable.apply"}
{"elapsed_ns": 19504273, "python_current_bytes": null, "python_peak_bytes": null, "rss_after_bytes": 444522496, "rss_before_bytes": 444411904, "rss_measurement": "resident", "sizes": {"edges": 2016640, "max_operations": 256, "vertices": 1000000}, "stage": "matcher.atomic_batch"}
{"elapsed_ns": 19864609, "python_current_bytes": null, "python_peak_bytes": null, "rss_after_bytes": 444489728, "rss_before_bytes": 444391424, "rss_measurement": "resident", "sizes": {"edges": 2016640, "requests": 256, "vertices": 1000000}, "stage": "durable.apply"}
{"elapsed_ns": 19363439, "python_current_bytes": null, "python_peak_bytes": null, "rss_after_bytes": 444616704, "rss_before_bytes": 444506112, "rss_measurement": "resident", "sizes": {"edges": 2016896, "max_operations": 256, "vertices": 1000000}, "stage": "matcher.atomic_batch"}
{"elapsed_ns": 20029069, "python_current_bytes": null, "python_peak_bytes": null, "rss_after_bytes": 444583936, "rss_before_bytes": 444485632, "rss_measurement": "resident", "sizes": {"edges": 2016896, "requests": 256, "vertices": 1000000}, "stage": "durable.apply"}
{"elapsed_ns": 19897110, "python_current_bytes": null, "python_peak_bytes": null, "rss_after_bytes": 444719104, "rss_before_bytes": 444592128, "rss_measurement": "resident", "sizes": {"edges": 2017152, "max_operations": 256, "vertices": 1000000}, "stage": "matcher.atomic_batch"}
{"elapsed_ns": 20258404, "python_current_bytes": null, "python_peak_bytes": null, "rss_after_bytes": 444686336, "rss_before_bytes": 444571648, "rss_measurement": "resident", "sizes": {"edges": 2017152, "requests": 256, "vertices": 1000000}, "stage": "durable.apply"}
{"elapsed_ns": 19418648, "python_current_bytes": null, "python_peak_bytes": null, "rss_after_bytes": 444813312, "rss_before_bytes": 444694528, "rss_measurement": "resident", "sizes": {"edges": 2017408, "max_operations": 256, "vertices": 1000000}, "stage": "matcher.atomic_batch"}
{"elapsed_ns": 19781359, "python_current_bytes": null, "python_peak_bytes": null, "rss_after_bytes": 444780544, "rss_before_bytes": 444674048, "rss_measurement": "resident", "sizes": {"edges": 2017408, "requests": 256, "vertices": 1000000}, "stage": "durable.apply"}
{"elapsed_ns": 19362105, "python_current_bytes": null, "python_peak_bytes": null, "rss_after_bytes": 444907520, "rss_before_bytes": 444796928, "rss_measurement": "resident", "sizes": {"edges": 2017664, "max_operations": 256, "vertices": 1000000}, "stage": "matcher.atomic_batch"}
{"elapsed_ns": 19717858, "python_current_bytes": null, "python_peak_bytes": null, "rss_after_bytes": 444874752, "rss_before_bytes": 444776448, "rss_measurement": "resident", "sizes": {"edges": 2017664, "requests": 256, "vertices": 1000000}, "stage": "durable.apply"}
{"elapsed_ns": 22170377, "python_current_bytes": null, "python_peak_bytes": null, "rss_after_bytes": 445009920, "rss_before_bytes": 444882944, "rss_measurement": "resident", "sizes": {"edges": 2017920, "max_operations": 256, "vertices": 1000000}, "stage": "matcher.atomic_batch"}
{"elapsed_ns": 22560297, "python_current_bytes": null, "python_peak_bytes": null, "rss_after_bytes": 444977152, "rss_before_bytes": 444862464, "rss_measurement": "resident", "sizes": {"edges": 2017920, "requests": 256, "vertices": 1000000}, "stage": "durable.apply"}
{"elapsed_ns": 19919360, "python_current_bytes": null, "python_peak_bytes": null, "rss_after_bytes": 445104128, "rss_before_bytes": 444985344, "rss_measurement": "resident", "sizes": {"edges": 2018176, "max_operations": 256, "vertices": 1000000}, "stage": "matcher.atomic_batch"}
{"elapsed_ns": 20278237, "python_current_bytes": null, "python_peak_bytes": null, "rss_after_bytes": 445071360, "rss_before_bytes": 444964864, "rss_measurement": "resident", "sizes": {"edges": 2018176, "requests": 256, "vertices": 1000000}, "stage": "durable.apply"}
{"elapsed_ns": 19474273, "python_current_bytes": null, "python_peak_bytes": null, "rss_after_bytes": 445198336, "rss_before_bytes": 445079552, "rss_measurement": "resident", "sizes": {"edges": 2018432, "max_operations": 256, "vertices": 1000000}, "stage": "matcher.atomic_batch"}
{"elapsed_ns": 19837859, "python_current_bytes": null, "python_peak_bytes": null, "rss_after_bytes": 445165568, "rss_before_bytes": 445059072, "rss_measurement": "resident", "sizes": {"edges": 2018432, "requests": 256, "vertices": 1000000}, "stage": "durable.apply"}
{"elapsed_ns": 19205688, "python_current_bytes": null, "python_peak_bytes": null, "rss_after_bytes": 445300736, "rss_before_bytes": 445181952, "rss_measurement": "resident", "sizes": {"edges": 2018688, "max_operations": 256, "vertices": 1000000}, "stage": "matcher.atomic_batch"}
{"elapsed_ns": 19574315, "python_current_bytes": null, "python_peak_bytes": null, "rss_after_bytes": 445267968, "rss_before_bytes": 445161472, "rss_measurement": "resident", "sizes": {"edges": 2018688, "requests": 256, "vertices": 1000000}, "stage": "durable.apply"}
{"elapsed_ns": 19604150, "python_current_bytes": null, "python_peak_bytes": null, "rss_after_bytes": 445394944, "rss_before_bytes": 445276160, "rss_measurement": "resident", "sizes": {"edges": 2018944, "max_operations": 256, "vertices": 1000000}, "stage": "matcher.atomic_batch"}
{"elapsed_ns": 19972568, "python_current_bytes": null, "python_peak_bytes": null, "rss_after_bytes": 445362176, "rss_before_bytes": 445255680, "rss_measurement": "resident", "sizes": {"edges": 2018944, "requests": 256, "vertices": 1000000}, "stage": "durable.apply"}
{"elapsed_ns": 19781025, "python_current_bytes": null, "python_peak_bytes": null, "rss_after_bytes": 445497344, "rss_before_bytes": 445378560, "rss_measurement": "resident", "sizes": {"edges": 2019200, "max_operations": 256, "vertices": 1000000}, "stage": "matcher.atomic_batch"}
{"elapsed_ns": 20134612, "python_current_bytes": null, "python_peak_bytes": null, "rss_after_bytes": 445464576, "rss_before_bytes": 445358080, "rss_measurement": "resident", "sizes": {"edges": 2019200, "requests": 256, "vertices": 1000000}, "stage": "durable.apply"}
{"elapsed_ns": 19917277, "python_current_bytes": null, "python_peak_bytes": null, "rss_after_bytes": 447172608, "rss_before_bytes": 445472768, "rss_measurement": "resident", "sizes": {"edges": 2019456, "max_operations": 256, "vertices": 1000000}, "stage": "matcher.atomic_batch"}
{"elapsed_ns": 20289821, "python_current_bytes": null, "python_peak_bytes": null, "rss_after_bytes": 447139840, "rss_before_bytes": 445452288, "rss_measurement": "resident", "sizes": {"edges": 2019456, "requests": 256, "vertices": 1000000}, "stage": "durable.apply"}
{"elapsed_ns": 19465898, "python_current_bytes": null, "python_peak_bytes": null, "rss_after_bytes": 447266816, "rss_before_bytes": 447156224, "rss_measurement": "resident", "sizes": {"edges": 2019712, "max_operations": 256, "vertices": 1000000}, "stage": "matcher.atomic_batch"}
{"elapsed_ns": 19832942, "python_current_bytes": null, "python_peak_bytes": null, "rss_after_bytes": 447234048, "rss_before_bytes": 447135744, "rss_measurement": "resident", "sizes": {"edges": 2019712, "requests": 256, "vertices": 1000000}, "stage": "durable.apply"}
{"elapsed_ns": 20009110, "python_current_bytes": null, "python_peak_bytes": null, "rss_after_bytes": 447365120, "rss_before_bytes": 447242240, "rss_measurement": "resident", "sizes": {"edges": 2019968, "max_operations": 256, "vertices": 1000000}, "stage": "matcher.atomic_batch"}
{"elapsed_ns": 20509531, "python_current_bytes": null, "python_peak_bytes": null, "rss_after_bytes": 447332352, "rss_before_bytes": 447221760, "rss_measurement": "resident", "sizes": {"edges": 2019968, "requests": 256, "vertices": 1000000}, "stage": "durable.apply"}
{"elapsed_ns": 19553566, "python_current_bytes": null, "python_peak_bytes": null, "rss_after_bytes": 447467520, "rss_before_bytes": 447348736, "rss_measurement": "resident", "sizes": {"edges": 2020224, "max_operations": 256, "vertices": 1000000}, "stage": "matcher.atomic_batch"}
{"elapsed_ns": 19924485, "python_current_bytes": null, "python_peak_bytes": null, "rss_after_bytes": 447434752, "rss_before_bytes": 447328256, "rss_measurement": "resident", "sizes": {"edges": 2020224, "requests": 256, "vertices": 1000000}, "stage": "durable.apply"}
{"elapsed_ns": 19542357, "python_current_bytes": null, "python_peak_bytes": null, "rss_after_bytes": 447565824, "rss_before_bytes": 447442944, "rss_measurement": "resident", "sizes": {"edges": 2020480, "max_operations": 256, "vertices": 1000000}, "stage": "matcher.atomic_batch"}
{"elapsed_ns": 19897360, "python_current_bytes": null, "python_peak_bytes": null, "rss_after_bytes": 447533056, "rss_before_bytes": 447422464, "rss_measurement": "resident", "sizes": {"edges": 2020480, "requests": 256, "vertices": 1000000}, "stage": "durable.apply"}
{"elapsed_ns": 19454731, "python_current_bytes": null, "python_peak_bytes": null, "rss_after_bytes": 447660032, "rss_before_bytes": 447549440, "rss_measurement": "resident", "sizes": {"edges": 2020736, "max_operations": 256, "vertices": 1000000}, "stage": "matcher.atomic_batch"}
{"elapsed_ns": 19820651, "python_current_bytes": null, "python_peak_bytes": null, "rss_after_bytes": 447627264, "rss_before_bytes": 447520768, "rss_measurement": "resident", "sizes": {"edges": 2020736, "requests": 256, "vertices": 1000000}, "stage": "durable.apply"}
{"elapsed_ns": 19445189, "python_current_bytes": null, "python_peak_bytes": null, "rss_after_bytes": 447762432, "rss_before_bytes": 447635456, "rss_measurement": "resident", "sizes": {"edges": 2020992, "max_operations": 256, "vertices": 1000000}, "stage": "matcher.atomic_batch"}
{"elapsed_ns": 19795401, "python_current_bytes": null, "python_peak_bytes": null, "rss_after_bytes": 447729664, "rss_before_bytes": 447614976, "rss_measurement": "resident", "sizes": {"edges": 2020992, "requests": 256, "vertices": 1000000}, "stage": "durable.apply"}
{"elapsed_ns": 19388398, "python_current_bytes": null, "python_peak_bytes": null, "rss_after_bytes": 447856640, "rss_before_bytes": 447746048, "rss_measurement": "resident", "sizes": {"edges": 2021248, "max_operations": 256, "vertices": 1000000}, "stage": "matcher.atomic_batch"}
{"elapsed_ns": 19733817, "python_current_bytes": null, "python_peak_bytes": null, "rss_after_bytes": 447823872, "rss_before_bytes": 447725568, "rss_measurement": "resident", "sizes": {"edges": 2021248, "requests": 256, "vertices": 1000000}, "stage": "durable.apply"}
{"elapsed_ns": 19889485, "python_current_bytes": null, "python_peak_bytes": null, "rss_after_bytes": 447950848, "rss_before_bytes": 447832064, "rss_measurement": "resident", "sizes": {"edges": 2021504, "max_operations": 256, "vertices": 1000000}, "stage": "matcher.atomic_batch"}
{"elapsed_ns": 20261404, "python_current_bytes": null, "python_peak_bytes": null, "rss_after_bytes": 447918080, "rss_before_bytes": 447811584, "rss_measurement": "resident", "sizes": {"edges": 2021504, "requests": 256, "vertices": 1000000}, "stage": "durable.apply"}
{"elapsed_ns": 19845110, "python_current_bytes": null, "python_peak_bytes": null, "rss_after_bytes": 449363968, "rss_before_bytes": 447926272, "rss_measurement": "resident", "sizes": {"edges": 2021760, "max_operations": 256, "vertices": 1000000}, "stage": "matcher.atomic_batch"}
{"elapsed_ns": 20215321, "python_current_bytes": null, "python_peak_bytes": null, "rss_after_bytes": 449331200, "rss_before_bytes": 447905792, "rss_measurement": "resident", "sizes": {"edges": 2021760, "requests": 256, "vertices": 1000000}, "stage": "durable.apply"}
{"elapsed_ns": 19100978, "python_current_bytes": null, "python_peak_bytes": null, "rss_after_bytes": 449458176, "rss_before_bytes": 449347584, "rss_measurement": "resident", "sizes": {"edges": 2022016, "max_operations": 256, "vertices": 1000000}, "stage": "matcher.atomic_batch"}
{"elapsed_ns": 19511899, "python_current_bytes": null, "python_peak_bytes": null, "rss_after_bytes": 449425408, "rss_before_bytes": 449327104, "rss_measurement": "resident", "sizes": {"edges": 2022016, "requests": 256, "vertices": 1000000}, "stage": "durable.apply"}
{"elapsed_ns": 20153445, "python_current_bytes": null, "python_peak_bytes": null, "rss_after_bytes": 449552384, "rss_before_bytes": 449433600, "rss_measurement": "resident", "sizes": {"edges": 2022272, "max_operations": 256, "vertices": 1000000}, "stage": "matcher.atomic_batch"}
{"elapsed_ns": 20524865, "python_current_bytes": null, "python_peak_bytes": null, "rss_after_bytes": 449519616, "rss_before_bytes": 449413120, "rss_measurement": "resident", "sizes": {"edges": 2022272, "requests": 256, "vertices": 1000000}, "stage": "durable.apply"}
{"elapsed_ns": 19798859, "python_current_bytes": null, "python_peak_bytes": null, "rss_after_bytes": 449654784, "rss_before_bytes": 449527808, "rss_measurement": "resident", "sizes": {"edges": 2022528, "max_operations": 256, "vertices": 1000000}, "stage": "matcher.atomic_batch"}
{"elapsed_ns": 20186404, "python_current_bytes": null, "python_peak_bytes": null, "rss_after_bytes": 449622016, "rss_before_bytes": 449507328, "rss_measurement": "resident", "sizes": {"edges": 2022528, "requests": 256, "vertices": 1000000}, "stage": "durable.apply"}
{"elapsed_ns": 19374439, "python_current_bytes": null, "python_peak_bytes": null, "rss_after_bytes": 449753088, "rss_before_bytes": 449630208, "rss_measurement": "resident", "sizes": {"edges": 2022784, "max_operations": 256, "vertices": 1000000}, "stage": "matcher.atomic_batch"}
{"elapsed_ns": 19892985, "python_current_bytes": null, "python_peak_bytes": null, "rss_after_bytes": 449720320, "rss_before_bytes": 449609728, "rss_measurement": "resident", "sizes": {"edges": 2022784, "requests": 256, "vertices": 1000000}, "stage": "durable.apply"}
{"elapsed_ns": 19540773, "python_current_bytes": null, "python_peak_bytes": null, "rss_after_bytes": 449847296, "rss_before_bytes": 449736704, "rss_measurement": "resident", "sizes": {"edges": 2023040, "max_operations": 256, "vertices": 1000000}, "stage": "matcher.atomic_batch"}
{"elapsed_ns": 19895068, "python_current_bytes": null, "python_peak_bytes": null, "rss_after_bytes": 449814528, "rss_before_bytes": 449708032, "rss_measurement": "resident", "sizes": {"edges": 2023040, "requests": 256, "vertices": 1000000}, "stage": "durable.apply"}
{"elapsed_ns": 19537482, "python_current_bytes": null, "python_peak_bytes": null, "rss_after_bytes": 449949696, "rss_before_bytes": 449830912, "rss_measurement": "resident", "sizes": {"edges": 2023296, "max_operations": 256, "vertices": 1000000}, "stage": "matcher.atomic_batch"}
{"elapsed_ns": 19894110, "python_current_bytes": null, "python_peak_bytes": null, "rss_after_bytes": 449916928, "rss_before_bytes": 449810432, "rss_measurement": "resident", "sizes": {"edges": 2023296, "requests": 256, "vertices": 1000000}, "stage": "durable.apply"}
{"elapsed_ns": 19713149, "python_current_bytes": null, "python_peak_bytes": null, "rss_after_bytes": 450043904, "rss_before_bytes": 449925120, "rss_measurement": "resident", "sizes": {"edges": 2023552, "max_operations": 256, "vertices": 1000000}, "stage": "matcher.atomic_batch"}
{"elapsed_ns": 20070695, "python_current_bytes": null, "python_peak_bytes": null, "rss_after_bytes": 450011136, "rss_before_bytes": 449904640, "rss_measurement": "resident", "sizes": {"edges": 2023552, "requests": 256, "vertices": 1000000}, "stage": "durable.apply"}
{"elapsed_ns": 19320897, "python_current_bytes": null, "python_peak_bytes": null, "rss_after_bytes": 450134016, "rss_before_bytes": 450027520, "rss_measurement": "resident", "sizes": {"edges": 2023808, "max_operations": 256, "vertices": 1000000}, "stage": "matcher.atomic_batch"}
{"elapsed_ns": 19725317, "python_current_bytes": null, "python_peak_bytes": null, "rss_after_bytes": 450101248, "rss_before_bytes": 450007040, "rss_measurement": "resident", "sizes": {"edges": 2023808, "requests": 256, "vertices": 1000000}, "stage": "durable.apply"}
{"elapsed_ns": 19362689, "python_current_bytes": null, "python_peak_bytes": null, "rss_after_bytes": 450236416, "rss_before_bytes": 450117632, "rss_measurement": "resident", "sizes": {"edges": 2024064, "max_operations": 256, "vertices": 1000000}, "stage": "matcher.atomic_batch"}
{"elapsed_ns": 19773942, "python_current_bytes": null, "python_peak_bytes": null, "rss_after_bytes": 450203648, "rss_before_bytes": 450088960, "rss_measurement": "resident", "sizes": {"edges": 2024064, "requests": 256, "vertices": 1000000}, "stage": "durable.apply"}
{"elapsed_ns": 19534566, "python_current_bytes": null, "python_peak_bytes": null, "rss_after_bytes": 450330624, "rss_before_bytes": 450211840, "rss_measurement": "resident", "sizes": {"edges": 2024320, "max_operations": 256, "vertices": 1000000}, "stage": "matcher.atomic_batch"}
{"elapsed_ns": 19891485, "python_current_bytes": null, "python_peak_bytes": null, "rss_after_bytes": 450297856, "rss_before_bytes": 450191360, "rss_measurement": "resident", "sizes": {"edges": 2024320, "requests": 256, "vertices": 1000000}, "stage": "durable.apply"}
{"elapsed_ns": 20510573, "python_current_bytes": null, "python_peak_bytes": null, "rss_after_bytes": 450424832, "rss_before_bytes": 450314240, "rss_measurement": "resident", "sizes": {"edges": 2024576, "max_operations": 256, "vertices": 1000000}, "stage": "matcher.atomic_batch"}
{"elapsed_ns": 20880033, "python_current_bytes": null, "python_peak_bytes": null, "rss_after_bytes": 450392064, "rss_before_bytes": 450293760, "rss_measurement": "resident", "sizes": {"edges": 2024576, "requests": 256, "vertices": 1000000}, "stage": "durable.apply"}
{"elapsed_ns": 20086986, "python_current_bytes": null, "python_peak_bytes": null, "rss_after_bytes": 450519040, "rss_before_bytes": 450400256, "rss_measurement": "resident", "sizes": {"edges": 2024832, "max_operations": 256, "vertices": 1000000}, "stage": "matcher.atomic_batch"}
{"elapsed_ns": 20464989, "python_current_bytes": null, "python_peak_bytes": null, "rss_after_bytes": 450486272, "rss_before_bytes": 450379776, "rss_measurement": "resident", "sizes": {"edges": 2024832, "requests": 256, "vertices": 1000000}, "stage": "durable.apply"}
{"elapsed_ns": 20046360, "python_current_bytes": null, "python_peak_bytes": null, "rss_after_bytes": 450621440, "rss_before_bytes": 450494464, "rss_measurement": "resident", "sizes": {"edges": 2025088, "max_operations": 256, "vertices": 1000000}, "stage": "matcher.atomic_batch"}
{"elapsed_ns": 20407822, "python_current_bytes": null, "python_peak_bytes": null, "rss_after_bytes": 450588672, "rss_before_bytes": 450473984, "rss_measurement": "resident", "sizes": {"edges": 2025088, "requests": 256, "vertices": 1000000}, "stage": "durable.apply"}
{"elapsed_ns": 20234863, "python_current_bytes": null, "python_peak_bytes": null, "rss_after_bytes": 450715648, "rss_before_bytes": 450596864, "rss_measurement": "resident", "sizes": {"edges": 2025344, "max_operations": 256, "vertices": 1000000}, "stage": "matcher.atomic_batch"}
{"elapsed_ns": 20582657, "python_current_bytes": null, "python_peak_bytes": null, "rss_after_bytes": 450682880, "rss_before_bytes": 450576384, "rss_measurement": "resident", "sizes": {"edges": 2025344, "requests": 256, "vertices": 1000000}, "stage": "durable.apply"}
{"elapsed_ns": 19624066, "python_current_bytes": null, "python_peak_bytes": null, "rss_after_bytes": 450809856, "rss_before_bytes": 450691072, "rss_measurement": "resident", "sizes": {"edges": 2025600, "max_operations": 256, "vertices": 1000000}, "stage": "matcher.atomic_batch"}
{"elapsed_ns": 20006777, "python_current_bytes": null, "python_peak_bytes": null, "rss_after_bytes": 450777088, "rss_before_bytes": 450670592, "rss_measurement": "resident", "sizes": {"edges": 2025600, "requests": 256, "vertices": 1000000}, "stage": "durable.apply"}
{"elapsed_ns": 19774734, "python_current_bytes": null, "python_peak_bytes": null, "rss_after_bytes": 450916352, "rss_before_bytes": 450793472, "rss_measurement": "resident", "sizes": {"edges": 2025856, "max_operations": 256, "vertices": 1000000}, "stage": "matcher.atomic_batch"}
{"elapsed_ns": 20184779, "python_current_bytes": null, "python_peak_bytes": null, "rss_after_bytes": 450883584, "rss_before_bytes": 450772992, "rss_measurement": "resident", "sizes": {"edges": 2025856, "requests": 256, "vertices": 1000000}, "stage": "durable.apply"}
{"elapsed_ns": 20494822, "python_current_bytes": null, "python_peak_bytes": null, "rss_after_bytes": 451010560, "rss_before_bytes": 450899968, "rss_measurement": "resident", "sizes": {"edges": 2026112, "max_operations": 256, "vertices": 1000000}, "stage": "matcher.atomic_batch"}
{"elapsed_ns": 20878659, "python_current_bytes": null, "python_peak_bytes": null, "rss_after_bytes": 450977792, "rss_before_bytes": 450879488, "rss_measurement": "resident", "sizes": {"edges": 2026112, "requests": 256, "vertices": 1000000}, "stage": "durable.apply"}
{"elapsed_ns": 20036444, "python_current_bytes": null, "python_peak_bytes": null, "rss_after_bytes": 451104768, "rss_before_bytes": 450985984, "rss_measurement": "resident", "sizes": {"edges": 2026368, "max_operations": 256, "vertices": 1000000}, "stage": "matcher.atomic_batch"}
{"elapsed_ns": 20400780, "python_current_bytes": null, "python_peak_bytes": null, "rss_after_bytes": 451072000, "rss_before_bytes": 450965504, "rss_measurement": "resident", "sizes": {"edges": 2026368, "requests": 256, "vertices": 1000000}, "stage": "durable.apply"}
{"elapsed_ns": 19654316, "python_current_bytes": null, "python_peak_bytes": null, "rss_after_bytes": 451207168, "rss_before_bytes": 451088384, "rss_measurement": "resident", "sizes": {"edges": 2026624, "max_operations": 256, "vertices": 1000000}, "stage": "matcher.atomic_batch"}
{"elapsed_ns": 20011569, "python_current_bytes": null, "python_peak_bytes": null, "rss_after_bytes": 451174400, "rss_before_bytes": 451067904, "rss_measurement": "resident", "sizes": {"edges": 2026624, "requests": 256, "vertices": 1000000}, "stage": "durable.apply"}
{"elapsed_ns": 22131751, "python_current_bytes": null, "python_peak_bytes": null, "rss_after_bytes": 451301376, "rss_before_bytes": 451182592, "rss_measurement": "resident", "sizes": {"edges": 2026880, "max_operations": 256, "vertices": 1000000}, "stage": "matcher.atomic_batch"}
{"elapsed_ns": 22514504, "python_current_bytes": null, "python_peak_bytes": null, "rss_after_bytes": 451268608, "rss_before_bytes": 451162112, "rss_measurement": "resident", "sizes": {"edges": 2026880, "requests": 256, "vertices": 1000000}, "stage": "durable.apply"}
{"elapsed_ns": 19642400, "python_current_bytes": null, "python_peak_bytes": null, "rss_after_bytes": 451395584, "rss_before_bytes": 451284992, "rss_measurement": "resident", "sizes": {"edges": 2027136, "max_operations": 256, "vertices": 1000000}, "stage": "matcher.atomic_batch"}
{"elapsed_ns": 20031027, "python_current_bytes": null, "python_peak_bytes": null, "rss_after_bytes": 451362816, "rss_before_bytes": 451264512, "rss_measurement": "resident", "sizes": {"edges": 2027136, "requests": 256, "vertices": 1000000}, "stage": "durable.apply"}
{"elapsed_ns": 19550107, "python_current_bytes": null, "python_peak_bytes": null, "rss_after_bytes": 451497984, "rss_before_bytes": 451371008, "rss_measurement": "resident", "sizes": {"edges": 2027392, "max_operations": 256, "vertices": 1000000}, "stage": "matcher.atomic_batch"}
{"elapsed_ns": 19901568, "python_current_bytes": null, "python_peak_bytes": null, "rss_after_bytes": 451465216, "rss_before_bytes": 451350528, "rss_measurement": "resident", "sizes": {"edges": 2027392, "requests": 256, "vertices": 1000000}, "stage": "durable.apply"}
{"elapsed_ns": 20692491, "python_current_bytes": null, "python_peak_bytes": null, "rss_after_bytes": 451592192, "rss_before_bytes": 451473408, "rss_measurement": "resident", "sizes": {"edges": 2027648, "max_operations": 256, "vertices": 1000000}, "stage": "matcher.atomic_batch"}
{"elapsed_ns": 21069827, "python_current_bytes": null, "python_peak_bytes": null, "rss_after_bytes": 451559424, "rss_before_bytes": 451452928, "rss_measurement": "resident", "sizes": {"edges": 2027648, "requests": 256, "vertices": 1000000}, "stage": "durable.apply"}
{"elapsed_ns": 19561399, "python_current_bytes": null, "python_peak_bytes": null, "rss_after_bytes": 451690496, "rss_before_bytes": 451567616, "rss_measurement": "resident", "sizes": {"edges": 2027904, "max_operations": 256, "vertices": 1000000}, "stage": "matcher.atomic_batch"}
{"elapsed_ns": 19964652, "python_current_bytes": null, "python_peak_bytes": null, "rss_after_bytes": 451657728, "rss_before_bytes": 451547136, "rss_measurement": "resident", "sizes": {"edges": 2027904, "requests": 256, "vertices": 1000000}, "stage": "durable.apply"}
{"elapsed_ns": 19321647, "python_current_bytes": null, "python_peak_bytes": null, "rss_after_bytes": 451792896, "rss_before_bytes": 451665920, "rss_measurement": "resident", "sizes": {"edges": 2028160, "max_operations": 256, "vertices": 1000000}, "stage": "matcher.atomic_batch"}
{"elapsed_ns": 19670816, "python_current_bytes": null, "python_peak_bytes": null, "rss_after_bytes": 451760128, "rss_before_bytes": 451645440, "rss_measurement": "resident", "sizes": {"edges": 2028160, "requests": 256, "vertices": 1000000}, "stage": "durable.apply"}
{"elapsed_ns": 19956277, "python_current_bytes": null, "python_peak_bytes": null, "rss_after_bytes": 451887104, "rss_before_bytes": 451776512, "rss_measurement": "resident", "sizes": {"edges": 2028416, "max_operations": 256, "vertices": 1000000}, "stage": "matcher.atomic_batch"}
{"elapsed_ns": 20341613, "python_current_bytes": null, "python_peak_bytes": null, "rss_after_bytes": 451854336, "rss_before_bytes": 451756032, "rss_measurement": "resident", "sizes": {"edges": 2028416, "requests": 256, "vertices": 1000000}, "stage": "durable.apply"}
{"elapsed_ns": 19792901, "python_current_bytes": null, "python_peak_bytes": null, "rss_after_bytes": 451981312, "rss_before_bytes": 451862528, "rss_measurement": "resident", "sizes": {"edges": 2028672, "max_operations": 256, "vertices": 1000000}, "stage": "matcher.atomic_batch"}
{"elapsed_ns": 20179404, "python_current_bytes": null, "python_peak_bytes": null, "rss_after_bytes": 451948544, "rss_before_bytes": 451842048, "rss_measurement": "resident", "sizes": {"edges": 2028672, "requests": 256, "vertices": 1000000}, "stage": "durable.apply"}
{"elapsed_ns": 19452440, "python_current_bytes": null, "python_peak_bytes": null, "rss_after_bytes": 452083712, "rss_before_bytes": 451956736, "rss_measurement": "resident", "sizes": {"edges": 2028928, "max_operations": 256, "vertices": 1000000}, "stage": "matcher.atomic_batch"}
{"elapsed_ns": 19864859, "python_current_bytes": null, "python_peak_bytes": null, "rss_after_bytes": 452050944, "rss_before_bytes": 451936256, "rss_measurement": "resident", "sizes": {"edges": 2028928, "requests": 256, "vertices": 1000000}, "stage": "durable.apply"}
{"elapsed_ns": 19867276, "python_current_bytes": null, "python_peak_bytes": null, "rss_after_bytes": 452177920, "rss_before_bytes": 452067328, "rss_measurement": "resident", "sizes": {"edges": 2029184, "max_operations": 256, "vertices": 1000000}, "stage": "matcher.atomic_batch"}
{"elapsed_ns": 20240029, "python_current_bytes": null, "python_peak_bytes": null, "rss_after_bytes": 452145152, "rss_before_bytes": 452038656, "rss_measurement": "resident", "sizes": {"edges": 2029184, "requests": 256, "vertices": 1000000}, "stage": "durable.apply"}
{"elapsed_ns": 19725233, "python_current_bytes": null, "python_peak_bytes": null, "rss_after_bytes": 452272128, "rss_before_bytes": 452153344, "rss_measurement": "resident", "sizes": {"edges": 2029440, "max_operations": 256, "vertices": 1000000}, "stage": "matcher.atomic_batch"}
{"elapsed_ns": 20072820, "python_current_bytes": null, "python_peak_bytes": null, "rss_after_bytes": 452239360, "rss_before_bytes": 452132864, "rss_measurement": "resident", "sizes": {"edges": 2029440, "requests": 256, "vertices": 1000000}, "stage": "durable.apply"}
{"elapsed_ns": 19514315, "python_current_bytes": null, "python_peak_bytes": null, "rss_after_bytes": 452374528, "rss_before_bytes": 452255744, "rss_measurement": "resident", "sizes": {"edges": 2029696, "max_operations": 256, "vertices": 1000000}, "stage": "matcher.atomic_batch"}
{"elapsed_ns": 19894192, "python_current_bytes": null, "python_peak_bytes": null, "rss_after_bytes": 452341760, "rss_before_bytes": 452235264, "rss_measurement": "resident", "sizes": {"edges": 2029696, "requests": 256, "vertices": 1000000}, "stage": "durable.apply"}
{"elapsed_ns": 19835692, "python_current_bytes": null, "python_peak_bytes": null, "rss_after_bytes": 452468736, "rss_before_bytes": 452358144, "rss_measurement": "resident", "sizes": {"edges": 2029952, "max_operations": 256, "vertices": 1000000}, "stage": "matcher.atomic_batch"}
{"elapsed_ns": 20259737, "python_current_bytes": null, "python_peak_bytes": null, "rss_after_bytes": 452435968, "rss_before_bytes": 452337664, "rss_measurement": "resident", "sizes": {"edges": 2029952, "requests": 256, "vertices": 1000000}, "stage": "durable.apply"}
{"elapsed_ns": 19780401, "python_current_bytes": null, "python_peak_bytes": null, "rss_after_bytes": 452562944, "rss_before_bytes": 452452352, "rss_measurement": "resident", "sizes": {"edges": 2030208, "max_operations": 256, "vertices": 1000000}, "stage": "matcher.atomic_batch"}
{"elapsed_ns": 20142195, "python_current_bytes": null, "python_peak_bytes": null, "rss_after_bytes": 452530176, "rss_before_bytes": 452431872, "rss_measurement": "resident", "sizes": {"edges": 2030208, "requests": 256, "vertices": 1000000}, "stage": "durable.apply"}
{"elapsed_ns": 20187237, "python_current_bytes": null, "python_peak_bytes": null, "rss_after_bytes": 452665344, "rss_before_bytes": 452546560, "rss_measurement": "resident", "sizes": {"edges": 2030464, "max_operations": 256, "vertices": 1000000}, "stage": "matcher.atomic_batch"}
{"elapsed_ns": 20789283, "python_current_bytes": null, "python_peak_bytes": null, "rss_after_bytes": 452632576, "rss_before_bytes": 452526080, "rss_measurement": "resident", "sizes": {"edges": 2030464, "requests": 256, "vertices": 1000000}, "stage": "durable.apply"}
{"elapsed_ns": 20273362, "python_current_bytes": null, "python_peak_bytes": null, "rss_after_bytes": 452759552, "rss_before_bytes": 452640768, "rss_measurement": "resident", "sizes": {"edges": 2030720, "max_operations": 256, "vertices": 1000000}, "stage": "matcher.atomic_batch"}
{"elapsed_ns": 20681574, "python_current_bytes": null, "python_peak_bytes": null, "rss_after_bytes": 452726784, "rss_before_bytes": 452620288, "rss_measurement": "resident", "sizes": {"edges": 2030720, "requests": 256, "vertices": 1000000}, "stage": "durable.apply"}
{"elapsed_ns": 20088861, "python_current_bytes": null, "python_peak_bytes": null, "rss_after_bytes": 452853760, "rss_before_bytes": 452743168, "rss_measurement": "resident", "sizes": {"edges": 2030976, "max_operations": 256, "vertices": 1000000}, "stage": "matcher.atomic_batch"}
{"elapsed_ns": 20456906, "python_current_bytes": null, "python_peak_bytes": null, "rss_after_bytes": 452820992, "rss_before_bytes": 452722688, "rss_measurement": "resident", "sizes": {"edges": 2030976, "requests": 256, "vertices": 1000000}, "stage": "durable.apply"}
{"elapsed_ns": 19636399, "python_current_bytes": null, "python_peak_bytes": null, "rss_after_bytes": 452956160, "rss_before_bytes": 452829184, "rss_measurement": "resident", "sizes": {"edges": 2031232, "max_operations": 256, "vertices": 1000000}, "stage": "matcher.atomic_batch"}
{"elapsed_ns": 20018610, "python_current_bytes": null, "python_peak_bytes": null, "rss_after_bytes": 452923392, "rss_before_bytes": 452808704, "rss_measurement": "resident", "sizes": {"edges": 2031232, "requests": 256, "vertices": 1000000}, "stage": "durable.apply"}
{"elapsed_ns": 19671525, "python_current_bytes": null, "python_peak_bytes": null, "rss_after_bytes": 453054464, "rss_before_bytes": 452939776, "rss_measurement": "resident", "sizes": {"edges": 2031488, "max_operations": 256, "vertices": 1000000}, "stage": "matcher.atomic_batch"}
{"elapsed_ns": 20061777, "python_current_bytes": null, "python_peak_bytes": null, "rss_after_bytes": 453021696, "rss_before_bytes": 452919296, "rss_measurement": "resident", "sizes": {"edges": 2031488, "requests": 256, "vertices": 1000000}, "stage": "durable.apply"}
{"elapsed_ns": 19636108, "python_current_bytes": null, "python_peak_bytes": null, "rss_after_bytes": 453148672, "rss_before_bytes": 453038080, "rss_measurement": "resident", "sizes": {"edges": 2031744, "max_operations": 256, "vertices": 1000000}, "stage": "matcher.atomic_batch"}
{"elapsed_ns": 20023653, "python_current_bytes": null, "python_peak_bytes": null, "rss_after_bytes": 453115904, "rss_before_bytes": 453017600, "rss_measurement": "resident", "sizes": {"edges": 2031744, "requests": 256, "vertices": 1000000}, "stage": "durable.apply"}
{"elapsed_ns": 19935068, "python_current_bytes": null, "python_peak_bytes": null, "rss_after_bytes": 453251072, "rss_before_bytes": 453132288, "rss_measurement": "resident", "sizes": {"edges": 2032000, "max_operations": 256, "vertices": 1000000}, "stage": "matcher.atomic_batch"}
{"elapsed_ns": 20493989, "python_current_bytes": null, "python_peak_bytes": null, "rss_after_bytes": 453218304, "rss_before_bytes": 453111808, "rss_measurement": "resident", "sizes": {"edges": 2032000, "requests": 256, "vertices": 1000000}, "stage": "durable.apply"}
{"elapsed_ns": 19736275, "python_current_bytes": null, "python_peak_bytes": null, "rss_after_bytes": 453349376, "rss_before_bytes": 453234688, "rss_measurement": "resident", "sizes": {"edges": 2032256, "max_operations": 256, "vertices": 1000000}, "stage": "matcher.atomic_batch"}
{"elapsed_ns": 20167570, "python_current_bytes": null, "python_peak_bytes": null, "rss_after_bytes": 453316608, "rss_before_bytes": 453214208, "rss_measurement": "resident", "sizes": {"edges": 2032256, "requests": 256, "vertices": 1000000}, "stage": "durable.apply"}
{"elapsed_ns": 19750942, "python_current_bytes": null, "python_peak_bytes": null, "rss_after_bytes": 453443584, "rss_before_bytes": 453332992, "rss_measurement": "resident", "sizes": {"edges": 2032512, "max_operations": 256, "vertices": 1000000}, "stage": "matcher.atomic_batch"}
{"elapsed_ns": 20118611, "python_current_bytes": null, "python_peak_bytes": null, "rss_after_bytes": 453410816, "rss_before_bytes": 453312512, "rss_measurement": "resident", "sizes": {"edges": 2032512, "requests": 256, "vertices": 1000000}, "stage": "durable.apply"}
{"elapsed_ns": 19746400, "python_current_bytes": null, "python_peak_bytes": null, "rss_after_bytes": 453545984, "rss_before_bytes": 453427200, "rss_measurement": "resident", "sizes": {"edges": 2032768, "max_operations": 256, "vertices": 1000000}, "stage": "matcher.atomic_batch"}
{"elapsed_ns": 20097195, "python_current_bytes": null, "python_peak_bytes": null, "rss_after_bytes": 453513216, "rss_before_bytes": 453406720, "rss_measurement": "resident", "sizes": {"edges": 2032768, "requests": 256, "vertices": 1000000}, "stage": "durable.apply"}
{"elapsed_ns": 19702358, "python_current_bytes": null, "python_peak_bytes": null, "rss_after_bytes": 453640192, "rss_before_bytes": 453529600, "rss_measurement": "resident", "sizes": {"edges": 2033024, "max_operations": 256, "vertices": 1000000}, "stage": "matcher.atomic_batch"}
{"elapsed_ns": 20054861, "python_current_bytes": null, "python_peak_bytes": null, "rss_after_bytes": 453607424, "rss_before_bytes": 453509120, "rss_measurement": "resident", "sizes": {"edges": 2033024, "requests": 256, "vertices": 1000000}, "stage": "durable.apply"}
{"elapsed_ns": 20114278, "python_current_bytes": null, "python_peak_bytes": null, "rss_after_bytes": 453742592, "rss_before_bytes": 453615616, "rss_measurement": "resident", "sizes": {"edges": 2033280, "max_operations": 256, "vertices": 1000000}, "stage": "matcher.atomic_batch"}
{"elapsed_ns": 20492406, "python_current_bytes": null, "python_peak_bytes": null, "rss_after_bytes": 453709824, "rss_before_bytes": 453595136, "rss_measurement": "resident", "sizes": {"edges": 2033280, "requests": 256, "vertices": 1000000}, "stage": "durable.apply"}
{"elapsed_ns": 19670608, "python_current_bytes": null, "python_peak_bytes": null, "rss_after_bytes": 453836800, "rss_before_bytes": 453718016, "rss_measurement": "resident", "sizes": {"edges": 2033536, "max_operations": 256, "vertices": 1000000}, "stage": "matcher.atomic_batch"}
{"elapsed_ns": 20035027, "python_current_bytes": null, "python_peak_bytes": null, "rss_after_bytes": 453804032, "rss_before_bytes": 453697536, "rss_measurement": "resident", "sizes": {"edges": 2033536, "requests": 256, "vertices": 1000000}, "stage": "durable.apply"}
{"elapsed_ns": 19433689, "python_current_bytes": null, "python_peak_bytes": null, "rss_after_bytes": 453939200, "rss_before_bytes": 453812224, "rss_measurement": "resident", "sizes": {"edges": 2033792, "max_operations": 256, "vertices": 1000000}, "stage": "matcher.atomic_batch"}
{"elapsed_ns": 19794275, "python_current_bytes": null, "python_peak_bytes": null, "rss_after_bytes": 453906432, "rss_before_bytes": 453791744, "rss_measurement": "resident", "sizes": {"edges": 2033792, "requests": 256, "vertices": 1000000}, "stage": "durable.apply"}
{"elapsed_ns": 19718733, "python_current_bytes": null, "python_peak_bytes": null, "rss_after_bytes": 454033408, "rss_before_bytes": 453914624, "rss_measurement": "resident", "sizes": {"edges": 2034048, "max_operations": 256, "vertices": 1000000}, "stage": "matcher.atomic_batch"}
{"elapsed_ns": 20106486, "python_current_bytes": null, "python_peak_bytes": null, "rss_after_bytes": 454000640, "rss_before_bytes": 453894144, "rss_measurement": "resident", "sizes": {"edges": 2034048, "requests": 256, "vertices": 1000000}, "stage": "durable.apply"}
{"elapsed_ns": 19589232, "python_current_bytes": null, "python_peak_bytes": null, "rss_after_bytes": 454127616, "rss_before_bytes": 454008832, "rss_measurement": "resident", "sizes": {"edges": 2034304, "max_operations": 256, "vertices": 1000000}, "stage": "matcher.atomic_batch"}
{"elapsed_ns": 19971902, "python_current_bytes": null, "python_peak_bytes": null, "rss_after_bytes": 454094848, "rss_before_bytes": 453988352, "rss_measurement": "resident", "sizes": {"edges": 2034304, "requests": 256, "vertices": 1000000}, "stage": "durable.apply"}
{"elapsed_ns": 19683858, "python_current_bytes": null, "python_peak_bytes": null, "rss_after_bytes": 454230016, "rss_before_bytes": 454111232, "rss_measurement": "resident", "sizes": {"edges": 2034560, "max_operations": 256, "vertices": 1000000}, "stage": "matcher.atomic_batch"}
{"elapsed_ns": 20063235, "python_current_bytes": null, "python_peak_bytes": null, "rss_after_bytes": 454197248, "rss_before_bytes": 454090752, "rss_measurement": "resident", "sizes": {"edges": 2034560, "requests": 256, "vertices": 1000000}, "stage": "durable.apply"}
{"elapsed_ns": 19300814, "python_current_bytes": null, "python_peak_bytes": null, "rss_after_bytes": 454324224, "rss_before_bytes": 454213632, "rss_measurement": "resident", "sizes": {"edges": 2034816, "max_operations": 256, "vertices": 1000000}, "stage": "matcher.atomic_batch"}
{"elapsed_ns": 19827525, "python_current_bytes": null, "python_peak_bytes": null, "rss_after_bytes": 454291456, "rss_before_bytes": 454193152, "rss_measurement": "resident", "sizes": {"edges": 2034816, "requests": 256, "vertices": 1000000}, "stage": "durable.apply"}
{"elapsed_ns": 20804158, "python_current_bytes": null, "python_peak_bytes": null, "rss_after_bytes": 454426624, "rss_before_bytes": 454299648, "rss_measurement": "resident", "sizes": {"edges": 2035072, "max_operations": 256, "vertices": 1000000}, "stage": "matcher.atomic_batch"}
{"elapsed_ns": 21215995, "python_current_bytes": null, "python_peak_bytes": null, "rss_after_bytes": 454393856, "rss_before_bytes": 454279168, "rss_measurement": "resident", "sizes": {"edges": 2035072, "requests": 256, "vertices": 1000000}, "stage": "durable.apply"}
{"elapsed_ns": 19987110, "python_current_bytes": null, "python_peak_bytes": null, "rss_after_bytes": 454520832, "rss_before_bytes": 454402048, "rss_measurement": "resident", "sizes": {"edges": 2035328, "max_operations": 256, "vertices": 1000000}, "stage": "matcher.atomic_batch"}
{"elapsed_ns": 20395155, "python_current_bytes": null, "python_peak_bytes": null, "rss_after_bytes": 454488064, "rss_before_bytes": 454381568, "rss_measurement": "resident", "sizes": {"edges": 2035328, "requests": 256, "vertices": 1000000}, "stage": "durable.apply"}
{"elapsed_ns": 19526482, "python_current_bytes": null, "python_peak_bytes": null, "rss_after_bytes": 454623232, "rss_before_bytes": 454504448, "rss_measurement": "resident", "sizes": {"edges": 2035584, "max_operations": 256, "vertices": 1000000}, "stage": "matcher.atomic_batch"}
{"elapsed_ns": 19963027, "python_current_bytes": null, "python_peak_bytes": null, "rss_after_bytes": 454590464, "rss_before_bytes": 454483968, "rss_measurement": "resident", "sizes": {"edges": 2035584, "requests": 256, "vertices": 1000000}, "stage": "durable.apply"}
{"elapsed_ns": 21631331, "python_current_bytes": null, "python_peak_bytes": null, "rss_after_bytes": 454717440, "rss_before_bytes": 454606848, "rss_measurement": "resident", "sizes": {"edges": 2035840, "max_operations": 256, "vertices": 1000000}, "stage": "matcher.atomic_batch"}
{"elapsed_ns": 21995209, "python_current_bytes": null, "python_peak_bytes": null, "rss_after_bytes": 454684672, "rss_before_bytes": 454586368, "rss_measurement": "resident", "sizes": {"edges": 2035840, "requests": 256, "vertices": 1000000}, "stage": "durable.apply"}
{"elapsed_ns": 20311029, "python_current_bytes": null, "python_peak_bytes": null, "rss_after_bytes": 454819840, "rss_before_bytes": 454692864, "rss_measurement": "resident", "sizes": {"edges": 2036096, "max_operations": 256, "vertices": 1000000}, "stage": "matcher.atomic_batch"}
{"elapsed_ns": 20715408, "python_current_bytes": null, "python_peak_bytes": null, "rss_after_bytes": 454787072, "rss_before_bytes": 454672384, "rss_measurement": "resident", "sizes": {"edges": 2036096, "requests": 256, "vertices": 1000000}, "stage": "durable.apply"}
{"elapsed_ns": 19915152, "python_current_bytes": null, "python_peak_bytes": null, "rss_after_bytes": 454914048, "rss_before_bytes": 454803456, "rss_measurement": "resident", "sizes": {"edges": 2036352, "max_operations": 256, "vertices": 1000000}, "stage": "matcher.atomic_batch"}
{"elapsed_ns": 20290987, "python_current_bytes": null, "python_peak_bytes": null, "rss_after_bytes": 454881280, "rss_before_bytes": 454774784, "rss_measurement": "resident", "sizes": {"edges": 2036352, "requests": 256, "vertices": 1000000}, "stage": "durable.apply"}
{"elapsed_ns": 19983152, "python_current_bytes": null, "python_peak_bytes": null, "rss_after_bytes": 455032832, "rss_before_bytes": 454889472, "rss_measurement": "resident", "sizes": {"edges": 2036608, "max_operations": 256, "vertices": 1000000}, "stage": "matcher.atomic_batch"}
{"elapsed_ns": 20364071, "python_current_bytes": null, "python_peak_bytes": null, "rss_after_bytes": 455000064, "rss_before_bytes": 454868992, "rss_measurement": "resident", "sizes": {"edges": 2036608, "requests": 256, "vertices": 1000000}, "stage": "durable.apply"}
{"elapsed_ns": 20015402, "python_current_bytes": null, "python_peak_bytes": null, "rss_after_bytes": 455122944, "rss_before_bytes": 455008256, "rss_measurement": "resident", "sizes": {"edges": 2036864, "max_operations": 256, "vertices": 1000000}, "stage": "matcher.atomic_batch"}
{"elapsed_ns": 20382155, "python_current_bytes": null, "python_peak_bytes": null, "rss_after_bytes": 455090176, "rss_before_bytes": 454987776, "rss_measurement": "resident", "sizes": {"edges": 2036864, "requests": 256, "vertices": 1000000}, "stage": "durable.apply"}
{"elapsed_ns": 19627065, "python_current_bytes": null, "python_peak_bytes": null, "rss_after_bytes": 455217152, "rss_before_bytes": 455098368, "rss_measurement": "resident", "sizes": {"edges": 2037120, "max_operations": 256, "vertices": 1000000}, "stage": "matcher.atomic_batch"}
{"elapsed_ns": 19991902, "python_current_bytes": null, "python_peak_bytes": null, "rss_after_bytes": 455184384, "rss_before_bytes": 455077888, "rss_measurement": "resident", "sizes": {"edges": 2037120, "requests": 256, "vertices": 1000000}, "stage": "durable.apply"}
{"elapsed_ns": 19706525, "python_current_bytes": null, "python_peak_bytes": null, "rss_after_bytes": 455319552, "rss_before_bytes": 455192576, "rss_measurement": "resident", "sizes": {"edges": 2037376, "max_operations": 256, "vertices": 1000000}, "stage": "matcher.atomic_batch"}
{"elapsed_ns": 20109903, "python_current_bytes": null, "python_peak_bytes": null, "rss_after_bytes": 455286784, "rss_before_bytes": 455172096, "rss_measurement": "resident", "sizes": {"edges": 2037376, "requests": 256, "vertices": 1000000}, "stage": "durable.apply"}
{"elapsed_ns": 20124194, "python_current_bytes": null, "python_peak_bytes": null, "rss_after_bytes": 455413760, "rss_before_bytes": 455294976, "rss_measurement": "resident", "sizes": {"edges": 2037632, "max_operations": 256, "vertices": 1000000}, "stage": "matcher.atomic_batch"}
{"elapsed_ns": 20500656, "python_current_bytes": null, "python_peak_bytes": null, "rss_after_bytes": 455380992, "rss_before_bytes": 455274496, "rss_measurement": "resident", "sizes": {"edges": 2037632, "requests": 256, "vertices": 1000000}, "stage": "durable.apply"}
{"elapsed_ns": 19738608, "python_current_bytes": null, "python_peak_bytes": null, "rss_after_bytes": 455516160, "rss_before_bytes": 455389184, "rss_measurement": "resident", "sizes": {"edges": 2037888, "max_operations": 256, "vertices": 1000000}, "stage": "matcher.atomic_batch"}
{"elapsed_ns": 20242696, "python_current_bytes": null, "python_peak_bytes": null, "rss_after_bytes": 455483392, "rss_before_bytes": 455368704, "rss_measurement": "resident", "sizes": {"edges": 2037888, "requests": 256, "vertices": 1000000}, "stage": "durable.apply"}
{"elapsed_ns": 20237571, "python_current_bytes": null, "python_peak_bytes": null, "rss_after_bytes": 455610368, "rss_before_bytes": 455491584, "rss_measurement": "resident", "sizes": {"edges": 2038144, "max_operations": 256, "vertices": 1000000}, "stage": "matcher.atomic_batch"}
{"elapsed_ns": 20609740, "python_current_bytes": null, "python_peak_bytes": null, "rss_after_bytes": 455577600, "rss_before_bytes": 455471104, "rss_measurement": "resident", "sizes": {"edges": 2038144, "requests": 256, "vertices": 1000000}, "stage": "durable.apply"}
{"elapsed_ns": 20037528, "python_current_bytes": null, "python_peak_bytes": null, "rss_after_bytes": 455712768, "rss_before_bytes": 455593984, "rss_measurement": "resident", "sizes": {"edges": 2038400, "max_operations": 256, "vertices": 1000000}, "stage": "matcher.atomic_batch"}
{"elapsed_ns": 20445863, "python_current_bytes": null, "python_peak_bytes": null, "rss_after_bytes": 455680000, "rss_before_bytes": 455573504, "rss_measurement": "resident", "sizes": {"edges": 2038400, "requests": 256, "vertices": 1000000}, "stage": "durable.apply"}
{"elapsed_ns": 19994568, "python_current_bytes": null, "python_peak_bytes": null, "rss_after_bytes": 455815168, "rss_before_bytes": 455688192, "rss_measurement": "resident", "sizes": {"edges": 2038656, "max_operations": 256, "vertices": 1000000}, "stage": "matcher.atomic_batch"}
{"elapsed_ns": 20356780, "python_current_bytes": null, "python_peak_bytes": null, "rss_after_bytes": 455782400, "rss_before_bytes": 455667712, "rss_measurement": "resident", "sizes": {"edges": 2038656, "requests": 256, "vertices": 1000000}, "stage": "durable.apply"}
{"elapsed_ns": 19952276, "python_current_bytes": null, "python_peak_bytes": null, "rss_after_bytes": 455921664, "rss_before_bytes": 455790592, "rss_measurement": "resident", "sizes": {"edges": 2038912, "max_operations": 256, "vertices": 1000000}, "stage": "matcher.atomic_batch"}
{"elapsed_ns": 20342113, "python_current_bytes": null, "python_peak_bytes": null, "rss_after_bytes": 455888896, "rss_before_bytes": 455770112, "rss_measurement": "resident", "sizes": {"edges": 2038912, "requests": 256, "vertices": 1000000}, "stage": "durable.apply"}
{"elapsed_ns": 19528690, "python_current_bytes": null, "python_peak_bytes": null, "rss_after_bytes": 456015872, "rss_before_bytes": 455897088, "rss_measurement": "resident", "sizes": {"edges": 2039168, "max_operations": 256, "vertices": 1000000}, "stage": "matcher.atomic_batch"}
{"elapsed_ns": 19890526, "python_current_bytes": null, "python_peak_bytes": null, "rss_after_bytes": 455983104, "rss_before_bytes": 455876608, "rss_measurement": "resident", "sizes": {"edges": 2039168, "requests": 256, "vertices": 1000000}, "stage": "durable.apply"}
{"elapsed_ns": 19578774, "python_current_bytes": null, "python_peak_bytes": null, "rss_after_bytes": 456118272, "rss_before_bytes": 455999488, "rss_measurement": "resident", "sizes": {"edges": 2039424, "max_operations": 256, "vertices": 1000000}, "stage": "matcher.atomic_batch"}
{"elapsed_ns": 19957444, "python_current_bytes": null, "python_peak_bytes": null, "rss_after_bytes": 456085504, "rss_before_bytes": 455979008, "rss_measurement": "resident", "sizes": {"edges": 2039424, "requests": 256, "vertices": 1000000}, "stage": "durable.apply"}
{"elapsed_ns": 20112319, "python_current_bytes": null, "python_peak_bytes": null, "rss_after_bytes": 456212480, "rss_before_bytes": 456093696, "rss_measurement": "resident", "sizes": {"edges": 2039680, "max_operations": 256, "vertices": 1000000}, "stage": "matcher.atomic_batch"}
{"elapsed_ns": 20484156, "python_current_bytes": null, "python_peak_bytes": null, "rss_after_bytes": 456179712, "rss_before_bytes": 456073216, "rss_measurement": "resident", "sizes": {"edges": 2039680, "requests": 256, "vertices": 1000000}, "stage": "durable.apply"}
{"elapsed_ns": 20171112, "python_current_bytes": null, "python_peak_bytes": null, "rss_after_bytes": 456314880, "rss_before_bytes": 456187904, "rss_measurement": "resident", "sizes": {"edges": 2039936, "max_operations": 256, "vertices": 1000000}, "stage": "matcher.atomic_batch"}
{"elapsed_ns": 20538698, "python_current_bytes": null, "python_peak_bytes": null, "rss_after_bytes": 456282112, "rss_before_bytes": 456167424, "rss_measurement": "resident", "sizes": {"edges": 2039936, "requests": 256, "vertices": 1000000}, "stage": "durable.apply"}
{"elapsed_ns": 19693066, "python_current_bytes": null, "python_peak_bytes": null, "rss_after_bytes": 456409088, "rss_before_bytes": 456298496, "rss_measurement": "resident", "sizes": {"edges": 2040192, "max_operations": 256, "vertices": 1000000}, "stage": "matcher.atomic_batch"}
{"elapsed_ns": 20107195, "python_current_bytes": null, "python_peak_bytes": null, "rss_after_bytes": 456376320, "rss_before_bytes": 456269824, "rss_measurement": "resident", "sizes": {"edges": 2040192, "requests": 256, "vertices": 1000000}, "stage": "durable.apply"}
{"elapsed_ns": 19769692, "python_current_bytes": null, "python_peak_bytes": null, "rss_after_bytes": 456503296, "rss_before_bytes": 456392704, "rss_measurement": "resident", "sizes": {"edges": 2040448, "max_operations": 256, "vertices": 1000000}, "stage": "matcher.atomic_batch"}
{"elapsed_ns": 20127695, "python_current_bytes": null, "python_peak_bytes": null, "rss_after_bytes": 456470528, "rss_before_bytes": 456372224, "rss_measurement": "resident", "sizes": {"edges": 2040448, "requests": 256, "vertices": 1000000}, "stage": "durable.apply"}
{"elapsed_ns": 19723067, "python_current_bytes": null, "python_peak_bytes": null, "rss_after_bytes": 456605696, "rss_before_bytes": 456486912, "rss_measurement": "resident", "sizes": {"edges": 2040704, "max_operations": 256, "vertices": 1000000}, "stage": "matcher.atomic_batch"}
{"elapsed_ns": 20106653, "python_current_bytes": null, "python_peak_bytes": null, "rss_after_bytes": 456572928, "rss_before_bytes": 456466432, "rss_measurement": "resident", "sizes": {"edges": 2040704, "requests": 256, "vertices": 1000000}, "stage": "durable.apply"}
{"elapsed_ns": 19820775, "python_current_bytes": null, "python_peak_bytes": null, "rss_after_bytes": 456704000, "rss_before_bytes": 456589312, "rss_measurement": "resident", "sizes": {"edges": 2040960, "max_operations": 256, "vertices": 1000000}, "stage": "matcher.atomic_batch"}
{"elapsed_ns": 20189486, "python_current_bytes": null, "python_peak_bytes": null, "rss_after_bytes": 456671232, "rss_before_bytes": 456568832, "rss_measurement": "resident", "sizes": {"edges": 2040960, "requests": 256, "vertices": 1000000}, "stage": "durable.apply"}
{"elapsed_ns": 20221237, "python_current_bytes": null, "python_peak_bytes": null, "rss_after_bytes": 456806400, "rss_before_bytes": 456679424, "rss_measurement": "resident", "sizes": {"edges": 2041216, "max_operations": 256, "vertices": 1000000}, "stage": "matcher.atomic_batch"}
{"elapsed_ns": 20632991, "python_current_bytes": null, "python_peak_bytes": null, "rss_after_bytes": 456773632, "rss_before_bytes": 456658944, "rss_measurement": "resident", "sizes": {"edges": 2041216, "requests": 256, "vertices": 1000000}, "stage": "durable.apply"}
{"elapsed_ns": 20061361, "python_current_bytes": null, "python_peak_bytes": null, "rss_after_bytes": 456900608, "rss_before_bytes": 456781824, "rss_measurement": "resident", "sizes": {"edges": 2041472, "max_operations": 256, "vertices": 1000000}, "stage": "matcher.atomic_batch"}
{"elapsed_ns": 20462156, "python_current_bytes": null, "python_peak_bytes": null, "rss_after_bytes": 456867840, "rss_before_bytes": 456761344, "rss_measurement": "resident", "sizes": {"edges": 2041472, "requests": 256, "vertices": 1000000}, "stage": "durable.apply"}
{"elapsed_ns": 19713983, "python_current_bytes": null, "python_peak_bytes": null, "rss_after_bytes": 457003008, "rss_before_bytes": 456876032, "rss_measurement": "resident", "sizes": {"edges": 2041728, "max_operations": 256, "vertices": 1000000}, "stage": "matcher.atomic_batch"}
{"elapsed_ns": 20084944, "python_current_bytes": null, "python_peak_bytes": null, "rss_after_bytes": 456970240, "rss_before_bytes": 456855552, "rss_measurement": "resident", "sizes": {"edges": 2041728, "requests": 256, "vertices": 1000000}, "stage": "durable.apply"}
{"elapsed_ns": 19591899, "python_current_bytes": null, "python_peak_bytes": null, "rss_after_bytes": 457097216, "rss_before_bytes": 456978432, "rss_measurement": "resident", "sizes": {"edges": 2041984, "max_operations": 256, "vertices": 1000000}, "stage": "matcher.atomic_batch"}
{"elapsed_ns": 19964319, "python_current_bytes": null, "python_peak_bytes": null, "rss_after_bytes": 457064448, "rss_before_bytes": 456957952, "rss_measurement": "resident", "sizes": {"edges": 2041984, "requests": 256, "vertices": 1000000}, "stage": "durable.apply"}
{"elapsed_ns": 19625607, "python_current_bytes": null, "python_peak_bytes": null, "rss_after_bytes": 457203712, "rss_before_bytes": 457080832, "rss_measurement": "resident", "sizes": {"edges": 2042240, "max_operations": 256, "vertices": 1000000}, "stage": "matcher.atomic_batch"}
{"elapsed_ns": 20040694, "python_current_bytes": null, "python_peak_bytes": null, "rss_after_bytes": 457170944, "rss_before_bytes": 457052160, "rss_measurement": "resident", "sizes": {"edges": 2042240, "requests": 256, "vertices": 1000000}, "stage": "durable.apply"}
{"elapsed_ns": 19413272, "python_current_bytes": null, "python_peak_bytes": null, "rss_after_bytes": 457297920, "rss_before_bytes": 457187328, "rss_measurement": "resident", "sizes": {"edges": 2042496, "max_operations": 256, "vertices": 1000000}, "stage": "matcher.atomic_batch"}
{"elapsed_ns": 19784901, "python_current_bytes": null, "python_peak_bytes": null, "rss_after_bytes": 457265152, "rss_before_bytes": 457166848, "rss_measurement": "resident", "sizes": {"edges": 2042496, "requests": 256, "vertices": 1000000}, "stage": "durable.apply"}
{"elapsed_ns": 20280237, "python_current_bytes": null, "python_peak_bytes": null, "rss_after_bytes": 457400320, "rss_before_bytes": 457281536, "rss_measurement": "resident", "sizes": {"edges": 2042752, "max_operations": 256, "vertices": 1000000}, "stage": "matcher.atomic_batch"}
{"elapsed_ns": 20657490, "python_current_bytes": null, "python_peak_bytes": null, "rss_after_bytes": 457367552, "rss_before_bytes": 457261056, "rss_measurement": "resident", "sizes": {"edges": 2042752, "requests": 256, "vertices": 1000000}, "stage": "durable.apply"}
{"elapsed_ns": 19465190, "python_current_bytes": null, "python_peak_bytes": null, "rss_after_bytes": 457494528, "rss_before_bytes": 457375744, "rss_measurement": "resident", "sizes": {"edges": 2043008, "max_operations": 256, "vertices": 1000000}, "stage": "matcher.atomic_batch"}
{"elapsed_ns": 20002027, "python_current_bytes": null, "python_peak_bytes": null, "rss_after_bytes": 457461760, "rss_before_bytes": 457355264, "rss_measurement": "resident", "sizes": {"edges": 2043008, "requests": 256, "vertices": 1000000}, "stage": "durable.apply"}
{"elapsed_ns": 19678816, "python_current_bytes": null, "python_peak_bytes": null, "rss_after_bytes": 457596928, "rss_before_bytes": 457478144, "rss_measurement": "resident", "sizes": {"edges": 2043264, "max_operations": 256, "vertices": 1000000}, "stage": "matcher.atomic_batch"}
{"elapsed_ns": 20061861, "python_current_bytes": null, "python_peak_bytes": null, "rss_after_bytes": 457564160, "rss_before_bytes": 457457664, "rss_measurement": "resident", "sizes": {"edges": 2043264, "requests": 256, "vertices": 1000000}, "stage": "durable.apply"}
{"elapsed_ns": 20116236, "python_current_bytes": null, "python_peak_bytes": null, "rss_after_bytes": 460312576, "rss_before_bytes": 457572352, "rss_measurement": "resident", "sizes": {"edges": 2043520, "max_operations": 256, "vertices": 1000000}, "stage": "matcher.atomic_batch"}
{"elapsed_ns": 20515323, "python_current_bytes": null, "python_peak_bytes": null, "rss_after_bytes": 460279808, "rss_before_bytes": 457551872, "rss_measurement": "resident", "sizes": {"edges": 2043520, "requests": 256, "vertices": 1000000}, "stage": "durable.apply"}
{"elapsed_ns": 19450981, "python_current_bytes": null, "python_peak_bytes": null, "rss_after_bytes": 460406784, "rss_before_bytes": 460296192, "rss_measurement": "resident", "sizes": {"edges": 2043776, "max_operations": 256, "vertices": 1000000}, "stage": "matcher.atomic_batch"}
{"elapsed_ns": 19824442, "python_current_bytes": null, "python_peak_bytes": null, "rss_after_bytes": 460374016, "rss_before_bytes": 460275712, "rss_measurement": "resident", "sizes": {"edges": 2043776, "requests": 256, "vertices": 1000000}, "stage": "durable.apply"}
{"elapsed_ns": 19803151, "python_current_bytes": null, "python_peak_bytes": null, "rss_after_bytes": 460509184, "rss_before_bytes": 460382208, "rss_measurement": "resident", "sizes": {"edges": 2044032, "max_operations": 256, "vertices": 1000000}, "stage": "matcher.atomic_batch"}
{"elapsed_ns": 20171445, "python_current_bytes": null, "python_peak_bytes": null, "rss_after_bytes": 460476416, "rss_before_bytes": 460361728, "rss_measurement": "resident", "sizes": {"edges": 2044032, "requests": 256, "vertices": 1000000}, "stage": "durable.apply"}
{"elapsed_ns": 19845401, "python_current_bytes": null, "python_peak_bytes": null, "rss_after_bytes": 460603392, "rss_before_bytes": 460484608, "rss_measurement": "resident", "sizes": {"edges": 2044288, "max_operations": 256, "vertices": 1000000}, "stage": "matcher.atomic_batch"}
{"elapsed_ns": 20209362, "python_current_bytes": null, "python_peak_bytes": null, "rss_after_bytes": 460570624, "rss_before_bytes": 460464128, "rss_measurement": "resident", "sizes": {"edges": 2044288, "requests": 256, "vertices": 1000000}, "stage": "durable.apply"}
{"elapsed_ns": 19454022, "python_current_bytes": null, "python_peak_bytes": null, "rss_after_bytes": 460705792, "rss_before_bytes": 460578816, "rss_measurement": "resident", "sizes": {"edges": 2044544, "max_operations": 256, "vertices": 1000000}, "stage": "matcher.atomic_batch"}
{"elapsed_ns": 19858317, "python_current_bytes": null, "python_peak_bytes": null, "rss_after_bytes": 460673024, "rss_before_bytes": 460558336, "rss_measurement": "resident", "sizes": {"edges": 2044544, "requests": 256, "vertices": 1000000}, "stage": "durable.apply"}
{"elapsed_ns": 21973125, "python_current_bytes": null, "python_peak_bytes": null, "rss_after_bytes": 460800000, "rss_before_bytes": 460681216, "rss_measurement": "resident", "sizes": {"edges": 2044800, "max_operations": 256, "vertices": 1000000}, "stage": "matcher.atomic_batch"}
{"elapsed_ns": 22360753, "python_current_bytes": null, "python_peak_bytes": null, "rss_after_bytes": 460767232, "rss_before_bytes": 460660736, "rss_measurement": "resident", "sizes": {"edges": 2044800, "requests": 256, "vertices": 1000000}, "stage": "durable.apply"}
{"elapsed_ns": 20503323, "python_current_bytes": null, "python_peak_bytes": null, "rss_after_bytes": 460902400, "rss_before_bytes": 460783616, "rss_measurement": "resident", "sizes": {"edges": 2045056, "max_operations": 256, "vertices": 1000000}, "stage": "matcher.atomic_batch"}
{"elapsed_ns": 20906826, "python_current_bytes": null, "python_peak_bytes": null, "rss_after_bytes": 460869632, "rss_before_bytes": 460763136, "rss_measurement": "resident", "sizes": {"edges": 2045056, "requests": 256, "vertices": 1000000}, "stage": "durable.apply"}
{"elapsed_ns": 19490690, "python_current_bytes": null, "python_peak_bytes": null, "rss_after_bytes": 460996608, "rss_before_bytes": 460877824, "rss_measurement": "resident", "sizes": {"edges": 2045312, "max_operations": 256, "vertices": 1000000}, "stage": "matcher.atomic_batch"}
{"elapsed_ns": 19847359, "python_current_bytes": null, "python_peak_bytes": null, "rss_after_bytes": 460963840, "rss_before_bytes": 460857344, "rss_measurement": "resident", "sizes": {"edges": 2045312, "requests": 256, "vertices": 1000000}, "stage": "durable.apply"}
{"elapsed_ns": 19953485, "python_current_bytes": null, "python_peak_bytes": null, "rss_after_bytes": 461099008, "rss_before_bytes": 460972032, "rss_measurement": "resident", "sizes": {"edges": 2045568, "max_operations": 256, "vertices": 1000000}, "stage": "matcher.atomic_batch"}
{"elapsed_ns": 20385947, "python_current_bytes": null, "python_peak_bytes": null, "rss_after_bytes": 461066240, "rss_before_bytes": 460951552, "rss_measurement": "resident", "sizes": {"edges": 2045568, "requests": 256, "vertices": 1000000}, "stage": "durable.apply"}
{"elapsed_ns": 19619315, "python_current_bytes": null, "python_peak_bytes": null, "rss_after_bytes": 461193216, "rss_before_bytes": 461074432, "rss_measurement": "resident", "sizes": {"edges": 2045824, "max_operations": 256, "vertices": 1000000}, "stage": "matcher.atomic_batch"}
{"elapsed_ns": 19971735, "python_current_bytes": null, "python_peak_bytes": null, "rss_after_bytes": 461160448, "rss_before_bytes": 461053952, "rss_measurement": "resident", "sizes": {"edges": 2045824, "requests": 256, "vertices": 1000000}, "stage": "durable.apply"}
{"elapsed_ns": 20271279, "python_current_bytes": null, "python_peak_bytes": null, "rss_after_bytes": 461295616, "rss_before_bytes": 461176832, "rss_measurement": "resident", "sizes": {"edges": 2046080, "max_operations": 256, "vertices": 1000000}, "stage": "matcher.atomic_batch"}
{"elapsed_ns": 20694324, "python_current_bytes": null, "python_peak_bytes": null, "rss_after_bytes": 461262848, "rss_before_bytes": 461156352, "rss_measurement": "resident", "sizes": {"edges": 2046080, "requests": 256, "vertices": 1000000}, "stage": "durable.apply"}
{"elapsed_ns": 19563940, "python_current_bytes": null, "python_peak_bytes": null, "rss_after_bytes": 461389824, "rss_before_bytes": 461271040, "rss_measurement": "resident", "sizes": {"edges": 2046336, "max_operations": 256, "vertices": 1000000}, "stage": "matcher.atomic_batch"}
{"elapsed_ns": 19948860, "python_current_bytes": null, "python_peak_bytes": null, "rss_after_bytes": 461357056, "rss_before_bytes": 461250560, "rss_measurement": "resident", "sizes": {"edges": 2046336, "requests": 256, "vertices": 1000000}, "stage": "durable.apply"}
{"elapsed_ns": 19701400, "python_current_bytes": null, "python_peak_bytes": null, "rss_after_bytes": 461488128, "rss_before_bytes": 461365248, "rss_measurement": "resident", "sizes": {"edges": 2046592, "max_operations": 256, "vertices": 1000000}, "stage": "matcher.atomic_batch"}
{"elapsed_ns": 20056902, "python_current_bytes": null, "python_peak_bytes": null, "rss_after_bytes": 461455360, "rss_before_bytes": 461344768, "rss_measurement": "resident", "sizes": {"edges": 2046592, "requests": 256, "vertices": 1000000}, "stage": "durable.apply"}
{"elapsed_ns": 19991568, "python_current_bytes": null, "python_peak_bytes": null, "rss_after_bytes": 461590528, "rss_before_bytes": 461463552, "rss_measurement": "resident", "sizes": {"edges": 2046848, "max_operations": 256, "vertices": 1000000}, "stage": "matcher.atomic_batch"}
{"elapsed_ns": 20390780, "python_current_bytes": null, "python_peak_bytes": null, "rss_after_bytes": 461557760, "rss_before_bytes": 461443072, "rss_measurement": "resident", "sizes": {"edges": 2046848, "requests": 256, "vertices": 1000000}, "stage": "durable.apply"}
{"elapsed_ns": 19947443, "python_current_bytes": null, "python_peak_bytes": null, "rss_after_bytes": 461684736, "rss_before_bytes": 461565952, "rss_measurement": "resident", "sizes": {"edges": 2047104, "max_operations": 256, "vertices": 1000000}, "stage": "matcher.atomic_batch"}
{"elapsed_ns": 20326905, "python_current_bytes": null, "python_peak_bytes": null, "rss_after_bytes": 461651968, "rss_before_bytes": 461545472, "rss_measurement": "resident", "sizes": {"edges": 2047104, "requests": 256, "vertices": 1000000}, "stage": "durable.apply"}
{"elapsed_ns": 19509607, "python_current_bytes": null, "python_peak_bytes": null, "rss_after_bytes": 461787136, "rss_before_bytes": 461660160, "rss_measurement": "resident", "sizes": {"edges": 2047360, "max_operations": 256, "vertices": 1000000}, "stage": "matcher.atomic_batch"}
{"elapsed_ns": 19897777, "python_current_bytes": null, "python_peak_bytes": null, "rss_after_bytes": 461754368, "rss_before_bytes": 461639680, "rss_measurement": "resident", "sizes": {"edges": 2047360, "requests": 256, "vertices": 1000000}, "stage": "durable.apply"}
{"elapsed_ns": 20499697, "python_current_bytes": null, "python_peak_bytes": null, "rss_after_bytes": 461881344, "rss_before_bytes": 461770752, "rss_measurement": "resident", "sizes": {"edges": 2047616, "max_operations": 256, "vertices": 1000000}, "stage": "matcher.atomic_batch"}
{"elapsed_ns": 20909951, "python_current_bytes": null, "python_peak_bytes": null, "rss_after_bytes": 461848576, "rss_before_bytes": 461750272, "rss_measurement": "resident", "sizes": {"edges": 2047616, "requests": 256, "vertices": 1000000}, "stage": "durable.apply"}
{"elapsed_ns": 20092444, "python_current_bytes": null, "python_peak_bytes": null, "rss_after_bytes": 461983744, "rss_before_bytes": 461864960, "rss_measurement": "resident", "sizes": {"edges": 2047872, "max_operations": 256, "vertices": 1000000}, "stage": "matcher.atomic_batch"}
{"elapsed_ns": 20474489, "python_current_bytes": null, "python_peak_bytes": null, "rss_after_bytes": 461950976, "rss_before_bytes": 461844480, "rss_measurement": "resident", "sizes": {"edges": 2047872, "requests": 256, "vertices": 1000000}, "stage": "durable.apply"}
{"elapsed_ns": 20046944, "python_current_bytes": null, "python_peak_bytes": null, "rss_after_bytes": 462077952, "rss_before_bytes": 461959168, "rss_measurement": "resident", "sizes": {"edges": 2048128, "max_operations": 256, "vertices": 1000000}, "stage": "matcher.atomic_batch"}
{"elapsed_ns": 20402072, "python_current_bytes": null, "python_peak_bytes": null, "rss_after_bytes": 462045184, "rss_before_bytes": 461938688, "rss_measurement": "resident", "sizes": {"edges": 2048128, "requests": 256, "vertices": 1000000}, "stage": "durable.apply"}
{"elapsed_ns": 20359988, "python_current_bytes": null, "python_peak_bytes": null, "rss_after_bytes": 462180352, "rss_before_bytes": 462061568, "rss_measurement": "resident", "sizes": {"edges": 2048384, "max_operations": 256, "vertices": 1000000}, "stage": "matcher.atomic_batch"}
{"elapsed_ns": 20736783, "python_current_bytes": null, "python_peak_bytes": null, "rss_after_bytes": 462147584, "rss_before_bytes": 462041088, "rss_measurement": "resident", "sizes": {"edges": 2048384, "requests": 256, "vertices": 1000000}, "stage": "durable.apply"}
{"elapsed_ns": 19786942, "python_current_bytes": null, "python_peak_bytes": null, "rss_after_bytes": 462274560, "rss_before_bytes": 462155776, "rss_measurement": "resident", "sizes": {"edges": 2048640, "max_operations": 256, "vertices": 1000000}, "stage": "matcher.atomic_batch"}
{"elapsed_ns": 20154945, "python_current_bytes": null, "python_peak_bytes": null, "rss_after_bytes": 462241792, "rss_before_bytes": 462135296, "rss_measurement": "resident", "sizes": {"edges": 2048640, "requests": 256, "vertices": 1000000}, "stage": "durable.apply"}
{"elapsed_ns": 19903526, "python_current_bytes": null, "python_peak_bytes": null, "rss_after_bytes": 462376960, "rss_before_bytes": 462249984, "rss_measurement": "resident", "sizes": {"edges": 2048896, "max_operations": 256, "vertices": 1000000}, "stage": "matcher.atomic_batch"}
{"elapsed_ns": 20284821, "python_current_bytes": null, "python_peak_bytes": null, "rss_after_bytes": 462344192, "rss_before_bytes": 462229504, "rss_measurement": "resident", "sizes": {"edges": 2048896, "requests": 256, "vertices": 1000000}, "stage": "durable.apply"}
{"elapsed_ns": 19857317, "python_current_bytes": null, "python_peak_bytes": null, "rss_after_bytes": 462471168, "rss_before_bytes": 462352384, "rss_measurement": "resident", "sizes": {"edges": 2049152, "max_operations": 256, "vertices": 1000000}, "stage": "matcher.atomic_batch"}
{"elapsed_ns": 20246279, "python_current_bytes": null, "python_peak_bytes": null, "rss_after_bytes": 462438400, "rss_before_bytes": 462331904, "rss_measurement": "resident", "sizes": {"edges": 2049152, "requests": 256, "vertices": 1000000}, "stage": "durable.apply"}
{"elapsed_ns": 19366772, "python_current_bytes": null, "python_peak_bytes": null, "rss_after_bytes": 462573568, "rss_before_bytes": 462446592, "rss_measurement": "resident", "sizes": {"edges": 2049408, "max_operations": 256, "vertices": 1000000}, "stage": "matcher.atomic_batch"}
{"elapsed_ns": 19748525, "python_current_bytes": null, "python_peak_bytes": null, "rss_after_bytes": 462540800, "rss_before_bytes": 462426112, "rss_measurement": "resident", "sizes": {"edges": 2049408, "requests": 256, "vertices": 1000000}, "stage": "durable.apply"}
{"elapsed_ns": 19687441, "python_current_bytes": null, "python_peak_bytes": null, "rss_after_bytes": 462663680, "rss_before_bytes": 462557184, "rss_measurement": "resident", "sizes": {"edges": 2049664, "max_operations": 256, "vertices": 1000000}, "stage": "matcher.atomic_batch"}
{"elapsed_ns": 20061611, "python_current_bytes": null, "python_peak_bytes": null, "rss_after_bytes": 462630912, "rss_before_bytes": 462536704, "rss_measurement": "resident", "sizes": {"edges": 2049664, "requests": 256, "vertices": 1000000}, "stage": "durable.apply"}
{"elapsed_ns": 19640982, "python_current_bytes": null, "python_peak_bytes": null, "rss_after_bytes": 462757888, "rss_before_bytes": 462647296, "rss_measurement": "resident", "sizes": {"edges": 2049920, "max_operations": 256, "vertices": 1000000}, "stage": "matcher.atomic_batch"}
{"elapsed_ns": 20004277, "python_current_bytes": null, "python_peak_bytes": null, "rss_after_bytes": 462725120, "rss_before_bytes": 462626816, "rss_measurement": "resident", "sizes": {"edges": 2049920, "requests": 256, "vertices": 1000000}, "stage": "durable.apply"}
{"elapsed_ns": 19965860, "python_current_bytes": null, "python_peak_bytes": null, "rss_after_bytes": 462860288, "rss_before_bytes": 462733312, "rss_measurement": "resident", "sizes": {"edges": 2050176, "max_operations": 256, "vertices": 1000000}, "stage": "matcher.atomic_batch"}
{"elapsed_ns": 20325655, "python_current_bytes": null, "python_peak_bytes": null, "rss_after_bytes": 462827520, "rss_before_bytes": 462712832, "rss_measurement": "resident", "sizes": {"edges": 2050176, "requests": 256, "vertices": 1000000}, "stage": "durable.apply"}
{"elapsed_ns": 19456189, "python_current_bytes": null, "python_peak_bytes": null, "rss_after_bytes": 462954496, "rss_before_bytes": 462835712, "rss_measurement": "resident", "sizes": {"edges": 2050432, "max_operations": 256, "vertices": 1000000}, "stage": "matcher.atomic_batch"}
{"elapsed_ns": 19828359, "python_current_bytes": null, "python_peak_bytes": null, "rss_after_bytes": 462921728, "rss_before_bytes": 462815232, "rss_measurement": "resident", "sizes": {"edges": 2050432, "requests": 256, "vertices": 1000000}, "stage": "durable.apply"}
{"elapsed_ns": 19555107, "python_current_bytes": null, "python_peak_bytes": null, "rss_after_bytes": 463056896, "rss_before_bytes": 462929920, "rss_measurement": "resident", "sizes": {"edges": 2050688, "max_operations": 256, "vertices": 1000000}, "stage": "matcher.atomic_batch"}
{"elapsed_ns": 19916443, "python_current_bytes": null, "python_peak_bytes": null, "rss_after_bytes": 463024128, "rss_before_bytes": 462909440, "rss_measurement": "resident", "sizes": {"edges": 2050688, "requests": 256, "vertices": 1000000}, "stage": "durable.apply"}
{"elapsed_ns": 19429022, "python_current_bytes": null, "python_peak_bytes": null, "rss_after_bytes": 463151104, "rss_before_bytes": 463032320, "rss_measurement": "resident", "sizes": {"edges": 2050944, "max_operations": 256, "vertices": 1000000}, "stage": "matcher.atomic_batch"}
{"elapsed_ns": 19794234, "python_current_bytes": null, "python_peak_bytes": null, "rss_after_bytes": 463118336, "rss_before_bytes": 463011840, "rss_measurement": "resident", "sizes": {"edges": 2050944, "requests": 256, "vertices": 1000000}, "stage": "durable.apply"}
{"elapsed_ns": 19382856, "python_current_bytes": null, "python_peak_bytes": null, "rss_after_bytes": 463253504, "rss_before_bytes": 463134720, "rss_measurement": "resident", "sizes": {"edges": 2051200, "max_operations": 256, "vertices": 1000000}, "stage": "matcher.atomic_batch"}
{"elapsed_ns": 19777901, "python_current_bytes": null, "python_peak_bytes": null, "rss_after_bytes": 463220736, "rss_before_bytes": 463114240, "rss_measurement": "resident", "sizes": {"edges": 2051200, "requests": 256, "vertices": 1000000}, "stage": "durable.apply"}
{"elapsed_ns": 20268613, "python_current_bytes": null, "python_peak_bytes": null, "rss_after_bytes": 463347712, "rss_before_bytes": 463237120, "rss_measurement": "resident", "sizes": {"edges": 2051456, "max_operations": 256, "vertices": 1000000}, "stage": "matcher.atomic_batch"}
{"elapsed_ns": 20654282, "python_current_bytes": null, "python_peak_bytes": null, "rss_after_bytes": 463314944, "rss_before_bytes": 463216640, "rss_measurement": "resident", "sizes": {"edges": 2051456, "requests": 256, "vertices": 1000000}, "stage": "durable.apply"}
{"elapsed_ns": 19540648, "python_current_bytes": null, "python_peak_bytes": null, "rss_after_bytes": 463450112, "rss_before_bytes": 463323136, "rss_measurement": "resident", "sizes": {"edges": 2051712, "max_operations": 256, "vertices": 1000000}, "stage": "matcher.atomic_batch"}
{"elapsed_ns": 19927818, "python_current_bytes": null, "python_peak_bytes": null, "rss_after_bytes": 463417344, "rss_before_bytes": 463302656, "rss_measurement": "resident", "sizes": {"edges": 2051712, "requests": 256, "vertices": 1000000}, "stage": "durable.apply"}
{"elapsed_ns": 19890567, "python_current_bytes": null, "python_peak_bytes": null, "rss_after_bytes": 463544320, "rss_before_bytes": 463425536, "rss_measurement": "resident", "sizes": {"edges": 2051968, "max_operations": 256, "vertices": 1000000}, "stage": "matcher.atomic_batch"}
{"elapsed_ns": 20258446, "python_current_bytes": null, "python_peak_bytes": null, "rss_after_bytes": 463511552, "rss_before_bytes": 463405056, "rss_measurement": "resident", "sizes": {"edges": 2051968, "requests": 256, "vertices": 1000000}, "stage": "durable.apply"}
{"elapsed_ns": 19859942, "python_current_bytes": null, "python_peak_bytes": null, "rss_after_bytes": 463646720, "rss_before_bytes": 463527936, "rss_measurement": "resident", "sizes": {"edges": 2052224, "max_operations": 256, "vertices": 1000000}, "stage": "matcher.atomic_batch"}
{"elapsed_ns": 20216153, "python_current_bytes": null, "python_peak_bytes": null, "rss_after_bytes": 463613952, "rss_before_bytes": 463507456, "rss_measurement": "resident", "sizes": {"edges": 2052224, "requests": 256, "vertices": 1000000}, "stage": "durable.apply"}
{"elapsed_ns": 20229778, "python_current_bytes": null, "python_peak_bytes": null, "rss_after_bytes": 463740928, "rss_before_bytes": 463630336, "rss_measurement": "resident", "sizes": {"edges": 2052480, "max_operations": 256, "vertices": 1000000}, "stage": "matcher.atomic_batch"}
{"elapsed_ns": 20601865, "python_current_bytes": null, "python_peak_bytes": null, "rss_after_bytes": 463708160, "rss_before_bytes": 463609856, "rss_measurement": "resident", "sizes": {"edges": 2052480, "requests": 256, "vertices": 1000000}, "stage": "durable.apply"}
{"elapsed_ns": 20114736, "python_current_bytes": null, "python_peak_bytes": null, "rss_after_bytes": 463843328, "rss_before_bytes": 463716352, "rss_measurement": "resident", "sizes": {"edges": 2052736, "max_operations": 256, "vertices": 1000000}, "stage": "matcher.atomic_batch"}
{"elapsed_ns": 20491656, "python_current_bytes": null, "python_peak_bytes": null, "rss_after_bytes": 463810560, "rss_before_bytes": 463695872, "rss_measurement": "resident", "sizes": {"edges": 2052736, "requests": 256, "vertices": 1000000}, "stage": "durable.apply"}
{"elapsed_ns": 19913943, "python_current_bytes": null, "python_peak_bytes": null, "rss_after_bytes": 463937536, "rss_before_bytes": 463826944, "rss_measurement": "resident", "sizes": {"edges": 2052992, "max_operations": 256, "vertices": 1000000}, "stage": "matcher.atomic_batch"}
{"elapsed_ns": 20271613, "python_current_bytes": null, "python_peak_bytes": null, "rss_after_bytes": 463904768, "rss_before_bytes": 463806464, "rss_measurement": "resident", "sizes": {"edges": 2052992, "requests": 256, "vertices": 1000000}, "stage": "durable.apply"}
{"elapsed_ns": 19966651, "python_current_bytes": null, "python_peak_bytes": null, "rss_after_bytes": 464035840, "rss_before_bytes": 463912960, "rss_measurement": "resident", "sizes": {"edges": 2053248, "max_operations": 256, "vertices": 1000000}, "stage": "matcher.atomic_batch"}
{"elapsed_ns": 20363654, "python_current_bytes": null, "python_peak_bytes": null, "rss_after_bytes": 464003072, "rss_before_bytes": 463892480, "rss_measurement": "resident", "sizes": {"edges": 2053248, "requests": 256, "vertices": 1000000}, "stage": "durable.apply"}
{"elapsed_ns": 20951701, "python_current_bytes": null, "python_peak_bytes": null, "rss_after_bytes": 464138240, "rss_before_bytes": 464011264, "rss_measurement": "resident", "sizes": {"edges": 2053504, "max_operations": 256, "vertices": 1000000}, "stage": "matcher.atomic_batch"}
{"elapsed_ns": 21341287, "python_current_bytes": null, "python_peak_bytes": null, "rss_after_bytes": 464105472, "rss_before_bytes": 463990784, "rss_measurement": "resident", "sizes": {"edges": 2053504, "requests": 256, "vertices": 1000000}, "stage": "durable.apply"}
{"elapsed_ns": 21280328, "python_current_bytes": null, "python_peak_bytes": null, "rss_after_bytes": 464240640, "rss_before_bytes": 464113664, "rss_measurement": "resident", "sizes": {"edges": 2053760, "max_operations": 256, "vertices": 1000000}, "stage": "matcher.atomic_batch"}
{"elapsed_ns": 21706040, "python_current_bytes": null, "python_peak_bytes": null, "rss_after_bytes": 464207872, "rss_before_bytes": 464093184, "rss_measurement": "resident", "sizes": {"edges": 2053760, "requests": 256, "vertices": 1000000}, "stage": "durable.apply"}
{"elapsed_ns": 20107069, "python_current_bytes": null, "python_peak_bytes": null, "rss_after_bytes": 464343040, "rss_before_bytes": 464216064, "rss_measurement": "resident", "sizes": {"edges": 2054016, "max_operations": 256, "vertices": 1000000}, "stage": "matcher.atomic_batch"}
{"elapsed_ns": 20489656, "python_current_bytes": null, "python_peak_bytes": null, "rss_after_bytes": 464310272, "rss_before_bytes": 464195584, "rss_measurement": "resident", "sizes": {"edges": 2054016, "requests": 256, "vertices": 1000000}, "stage": "durable.apply"}
{"elapsed_ns": 20002611, "python_current_bytes": null, "python_peak_bytes": null, "rss_after_bytes": 464437248, "rss_before_bytes": 464318464, "rss_measurement": "resident", "sizes": {"edges": 2054272, "max_operations": 256, "vertices": 1000000}, "stage": "matcher.atomic_batch"}
{"elapsed_ns": 20418821, "python_current_bytes": null, "python_peak_bytes": null, "rss_after_bytes": 464404480, "rss_before_bytes": 464297984, "rss_measurement": "resident", "sizes": {"edges": 2054272, "requests": 256, "vertices": 1000000}, "stage": "durable.apply"}
{"elapsed_ns": 19760150, "python_current_bytes": null, "python_peak_bytes": null, "rss_after_bytes": 464539648, "rss_before_bytes": 464412672, "rss_measurement": "resident", "sizes": {"edges": 2054528, "max_operations": 256, "vertices": 1000000}, "stage": "matcher.atomic_batch"}
{"elapsed_ns": 20149570, "python_current_bytes": null, "python_peak_bytes": null, "rss_after_bytes": 464506880, "rss_before_bytes": 464392192, "rss_measurement": "resident", "sizes": {"edges": 2054528, "requests": 256, "vertices": 1000000}, "stage": "durable.apply"}
{"elapsed_ns": 19485690, "python_current_bytes": null, "python_peak_bytes": null, "rss_after_bytes": 464633856, "rss_before_bytes": 464523264, "rss_measurement": "resident", "sizes": {"edges": 2054784, "max_operations": 256, "vertices": 1000000}, "stage": "matcher.atomic_batch"}
{"elapsed_ns": 19859235, "python_current_bytes": null, "python_peak_bytes": null, "rss_after_bytes": 464601088, "rss_before_bytes": 464502784, "rss_measurement": "resident", "sizes": {"edges": 2054784, "requests": 256, "vertices": 1000000}, "stage": "durable.apply"}
{"elapsed_ns": 20217403, "python_current_bytes": null, "python_peak_bytes": null, "rss_after_bytes": 464736256, "rss_before_bytes": 464617472, "rss_measurement": "resident", "sizes": {"edges": 2055040, "max_operations": 256, "vertices": 1000000}, "stage": "matcher.atomic_batch"}
{"elapsed_ns": 20614157, "python_current_bytes": null, "python_peak_bytes": null, "rss_after_bytes": 464703488, "rss_before_bytes": 464596992, "rss_measurement": "resident", "sizes": {"edges": 2055040, "requests": 256, "vertices": 1000000}, "stage": "durable.apply"}
{"elapsed_ns": 20021277, "python_current_bytes": null, "python_peak_bytes": null, "rss_after_bytes": 464830464, "rss_before_bytes": 464719872, "rss_measurement": "resident", "sizes": {"edges": 2055296, "max_operations": 256, "vertices": 1000000}, "stage": "matcher.atomic_batch"}
{"elapsed_ns": 20387322, "python_current_bytes": null, "python_peak_bytes": null, "rss_after_bytes": 464797696, "rss_before_bytes": 464699392, "rss_measurement": "resident", "sizes": {"edges": 2055296, "requests": 256, "vertices": 1000000}, "stage": "durable.apply"}
{"elapsed_ns": 19731609, "python_current_bytes": null, "python_peak_bytes": null, "rss_after_bytes": 464932864, "rss_before_bytes": 464814080, "rss_measurement": "resident", "sizes": {"edges": 2055552, "max_operations": 256, "vertices": 1000000}, "stage": "matcher.atomic_batch"}
{"elapsed_ns": 20092570, "python_current_bytes": null, "python_peak_bytes": null, "rss_after_bytes": 464900096, "rss_before_bytes": 464793600, "rss_measurement": "resident", "sizes": {"edges": 2055552, "requests": 256, "vertices": 1000000}, "stage": "durable.apply"}
{"elapsed_ns": 19834026, "python_current_bytes": null, "python_peak_bytes": null, "rss_after_bytes": 465027072, "rss_before_bytes": 464916480, "rss_measurement": "resident", "sizes": {"edges": 2055808, "max_operations": 256, "vertices": 1000000}, "stage": "matcher.atomic_batch"}
{"elapsed_ns": 20205445, "python_current_bytes": null, "python_peak_bytes": null, "rss_after_bytes": 464994304, "rss_before_bytes": 464887808, "rss_measurement": "resident", "sizes": {"edges": 2055808, "requests": 256, "vertices": 1000000}, "stage": "durable.apply"}
{"elapsed_ns": 19742359, "python_current_bytes": null, "python_peak_bytes": null, "rss_after_bytes": 465121280, "rss_before_bytes": 465010688, "rss_measurement": "resident", "sizes": {"edges": 2056064, "max_operations": 256, "vertices": 1000000}, "stage": "matcher.atomic_batch"}
{"elapsed_ns": 20109987, "python_current_bytes": null, "python_peak_bytes": null, "rss_after_bytes": 465088512, "rss_before_bytes": 464982016, "rss_measurement": "resident", "sizes": {"edges": 2056064, "requests": 256, "vertices": 1000000}, "stage": "durable.apply"}
{"elapsed_ns": 19512107, "python_current_bytes": null, "python_peak_bytes": null, "rss_after_bytes": 465223680, "rss_before_bytes": 465104896, "rss_measurement": "resident", "sizes": {"edges": 2056320, "max_operations": 256, "vertices": 1000000}, "stage": "matcher.atomic_batch"}
{"elapsed_ns": 19873027, "python_current_bytes": null, "python_peak_bytes": null, "rss_after_bytes": 465190912, "rss_before_bytes": 465084416, "rss_measurement": "resident", "sizes": {"edges": 2056320, "requests": 256, "vertices": 1000000}, "stage": "durable.apply"}
{"elapsed_ns": 19944194, "python_current_bytes": null, "python_peak_bytes": null, "rss_after_bytes": 465321984, "rss_before_bytes": 465199104, "rss_measurement": "resident", "sizes": {"edges": 2056576, "max_operations": 256, "vertices": 1000000}, "stage": "matcher.atomic_batch"}
{"elapsed_ns": 20420739, "python_current_bytes": null, "python_peak_bytes": null, "rss_after_bytes": 465289216, "rss_before_bytes": 465178624, "rss_measurement": "resident", "sizes": {"edges": 2056576, "requests": 256, "vertices": 1000000}, "stage": "durable.apply"}
{"elapsed_ns": 19992861, "python_current_bytes": null, "python_peak_bytes": null, "rss_after_bytes": 465424384, "rss_before_bytes": 465297408, "rss_measurement": "resident", "sizes": {"edges": 2056832, "max_operations": 256, "vertices": 1000000}, "stage": "matcher.atomic_batch"}
{"elapsed_ns": 20367821, "python_current_bytes": null, "python_peak_bytes": null, "rss_after_bytes": 465391616, "rss_before_bytes": 465276928, "rss_measurement": "resident", "sizes": {"edges": 2056832, "requests": 256, "vertices": 1000000}, "stage": "durable.apply"}
{"elapsed_ns": 19408231, "python_current_bytes": null, "python_peak_bytes": null, "rss_after_bytes": 465518592, "rss_before_bytes": 465408000, "rss_measurement": "resident", "sizes": {"edges": 2057088, "max_operations": 256, "vertices": 1000000}, "stage": "matcher.atomic_batch"}
{"elapsed_ns": 19759775, "python_current_bytes": null, "python_peak_bytes": null, "rss_after_bytes": 465485824, "rss_before_bytes": 465387520, "rss_measurement": "resident", "sizes": {"edges": 2057088, "requests": 256, "vertices": 1000000}, "stage": "durable.apply"}
{"elapsed_ns": 20034111, "python_current_bytes": null, "python_peak_bytes": null, "rss_after_bytes": 465620992, "rss_before_bytes": 465494016, "rss_measurement": "resident", "sizes": {"edges": 2057344, "max_operations": 256, "vertices": 1000000}, "stage": "matcher.atomic_batch"}
{"elapsed_ns": 20394697, "python_current_bytes": null, "python_peak_bytes": null, "rss_after_bytes": 465588224, "rss_before_bytes": 465473536, "rss_measurement": "resident", "sizes": {"edges": 2057344, "requests": 256, "vertices": 1000000}, "stage": "durable.apply"}
{"elapsed_ns": 19381398, "python_current_bytes": null, "python_peak_bytes": null, "rss_after_bytes": 465715200, "rss_before_bytes": 465604608, "rss_measurement": "resident", "sizes": {"edges": 2057600, "max_operations": 256, "vertices": 1000000}, "stage": "matcher.atomic_batch"}
{"elapsed_ns": 19856026, "python_current_bytes": null, "python_peak_bytes": null, "rss_after_bytes": 465682432, "rss_before_bytes": 465575936, "rss_measurement": "resident", "sizes": {"edges": 2057600, "requests": 256, "vertices": 1000000}, "stage": "durable.apply"}
{"elapsed_ns": 19603316, "python_current_bytes": null, "python_peak_bytes": null, "rss_after_bytes": 465817600, "rss_before_bytes": 465698816, "rss_measurement": "resident", "sizes": {"edges": 2057856, "max_operations": 256, "vertices": 1000000}, "stage": "matcher.atomic_batch"}
{"elapsed_ns": 19946985, "python_current_bytes": null, "python_peak_bytes": null, "rss_after_bytes": 465784832, "rss_before_bytes": 465678336, "rss_measurement": "resident", "sizes": {"edges": 2057856, "requests": 256, "vertices": 1000000}, "stage": "durable.apply"}
{"elapsed_ns": 19954485, "python_current_bytes": null, "python_peak_bytes": null, "rss_after_bytes": 465911808, "rss_before_bytes": 465801216, "rss_measurement": "resident", "sizes": {"edges": 2058112, "max_operations": 256, "vertices": 1000000}, "stage": "matcher.atomic_batch"}
{"elapsed_ns": 20311530, "python_current_bytes": null, "python_peak_bytes": null, "rss_after_bytes": 465879040, "rss_before_bytes": 465780736, "rss_measurement": "resident", "sizes": {"edges": 2058112, "requests": 256, "vertices": 1000000}, "stage": "durable.apply"}
{"elapsed_ns": 20259946, "python_current_bytes": null, "python_peak_bytes": null, "rss_after_bytes": 466014208, "rss_before_bytes": 465895424, "rss_measurement": "resident", "sizes": {"edges": 2058368, "max_operations": 256, "vertices": 1000000}, "stage": "matcher.atomic_batch"}
{"elapsed_ns": 20669323, "python_current_bytes": null, "python_peak_bytes": null, "rss_after_bytes": 465981440, "rss_before_bytes": 465874944, "rss_measurement": "resident", "sizes": {"edges": 2058368, "requests": 256, "vertices": 1000000}, "stage": "durable.apply"}
{"elapsed_ns": 20042527, "python_current_bytes": null, "python_peak_bytes": null, "rss_after_bytes": 466108416, "rss_before_bytes": 465989632, "rss_measurement": "resident", "sizes": {"edges": 2058624, "max_operations": 256, "vertices": 1000000}, "stage": "matcher.atomic_batch"}
{"elapsed_ns": 20468780, "python_current_bytes": null, "python_peak_bytes": null, "rss_after_bytes": 466075648, "rss_before_bytes": 465969152, "rss_measurement": "resident", "sizes": {"edges": 2058624, "requests": 256, "vertices": 1000000}, "stage": "durable.apply"}
{"elapsed_ns": 19594358, "python_current_bytes": null, "python_peak_bytes": null, "rss_after_bytes": 466210816, "rss_before_bytes": 466092032, "rss_measurement": "resident", "sizes": {"edges": 2058880, "max_operations": 256, "vertices": 1000000}, "stage": "matcher.atomic_batch"}
{"elapsed_ns": 19969610, "python_current_bytes": null, "python_peak_bytes": null, "rss_after_bytes": 466178048, "rss_before_bytes": 466071552, "rss_measurement": "resident", "sizes": {"edges": 2058880, "requests": 256, "vertices": 1000000}, "stage": "durable.apply"}
{"elapsed_ns": 20204320, "python_current_bytes": null, "python_peak_bytes": null, "rss_after_bytes": 466305024, "rss_before_bytes": 466194432, "rss_measurement": "resident", "sizes": {"edges": 2059136, "max_operations": 256, "vertices": 1000000}, "stage": "matcher.atomic_batch"}
{"elapsed_ns": 20571073, "python_current_bytes": null, "python_peak_bytes": null, "rss_after_bytes": 466272256, "rss_before_bytes": 466173952, "rss_measurement": "resident", "sizes": {"edges": 2059136, "requests": 256, "vertices": 1000000}, "stage": "durable.apply"}
{"elapsed_ns": 19774026, "python_current_bytes": null, "python_peak_bytes": null, "rss_after_bytes": 466399232, "rss_before_bytes": 466280448, "rss_measurement": "resident", "sizes": {"edges": 2059392, "max_operations": 256, "vertices": 1000000}, "stage": "matcher.atomic_batch"}
{"elapsed_ns": 20147237, "python_current_bytes": null, "python_peak_bytes": null, "rss_after_bytes": 466366464, "rss_before_bytes": 466259968, "rss_measurement": "resident", "sizes": {"edges": 2059392, "requests": 256, "vertices": 1000000}, "stage": "durable.apply"}
{"elapsed_ns": 19504190, "python_current_bytes": null, "python_peak_bytes": null, "rss_after_bytes": 466501632, "rss_before_bytes": 466374656, "rss_measurement": "resident", "sizes": {"edges": 2059648, "max_operations": 256, "vertices": 1000000}, "stage": "matcher.atomic_batch"}
{"elapsed_ns": 19873526, "python_current_bytes": null, "python_peak_bytes": null, "rss_after_bytes": 466468864, "rss_before_bytes": 466354176, "rss_measurement": "resident", "sizes": {"edges": 2059648, "requests": 256, "vertices": 1000000}, "stage": "durable.apply"}
{"elapsed_ns": 20078736, "python_current_bytes": null, "python_peak_bytes": null, "rss_after_bytes": 466595840, "rss_before_bytes": 466477056, "rss_measurement": "resident", "sizes": {"edges": 2059904, "max_operations": 256, "vertices": 1000000}, "stage": "matcher.atomic_batch"}
{"elapsed_ns": 20439905, "python_current_bytes": null, "python_peak_bytes": null, "rss_after_bytes": 466563072, "rss_before_bytes": 466456576, "rss_measurement": "resident", "sizes": {"edges": 2059904, "requests": 256, "vertices": 1000000}, "stage": "durable.apply"}
{"elapsed_ns": 19922026, "python_current_bytes": null, "python_peak_bytes": null, "rss_after_bytes": 466698240, "rss_before_bytes": 466571264, "rss_measurement": "resident", "sizes": {"edges": 2060160, "max_operations": 256, "vertices": 1000000}, "stage": "matcher.atomic_batch"}
{"elapsed_ns": 20376989, "python_current_bytes": null, "python_peak_bytes": null, "rss_after_bytes": 466665472, "rss_before_bytes": 466550784, "rss_measurement": "resident", "sizes": {"edges": 2060160, "requests": 256, "vertices": 1000000}, "stage": "durable.apply"}
{"elapsed_ns": 19356814, "python_current_bytes": null, "python_peak_bytes": null, "rss_after_bytes": 466792448, "rss_before_bytes": 466673664, "rss_measurement": "resident", "sizes": {"edges": 2060416, "max_operations": 256, "vertices": 1000000}, "stage": "matcher.atomic_batch"}
{"elapsed_ns": 19884234, "python_current_bytes": null, "python_peak_bytes": null, "rss_after_bytes": 466759680, "rss_before_bytes": 466653184, "rss_measurement": "resident", "sizes": {"edges": 2060416, "requests": 256, "vertices": 1000000}, "stage": "durable.apply"}
{"elapsed_ns": 19366022, "python_current_bytes": null, "python_peak_bytes": null, "rss_after_bytes": 466894848, "rss_before_bytes": 466776064, "rss_measurement": "resident", "sizes": {"edges": 2060672, "max_operations": 256, "vertices": 1000000}, "stage": "matcher.atomic_batch"}
{"elapsed_ns": 19763026, "python_current_bytes": null, "python_peak_bytes": null, "rss_after_bytes": 466862080, "rss_before_bytes": 466755584, "rss_measurement": "resident", "sizes": {"edges": 2060672, "requests": 256, "vertices": 1000000}, "stage": "durable.apply"}
{"elapsed_ns": 20692158, "python_current_bytes": null, "python_peak_bytes": null, "rss_after_bytes": 466989056, "rss_before_bytes": 466870272, "rss_measurement": "resident", "sizes": {"edges": 2060928, "max_operations": 256, "vertices": 1000000}, "stage": "matcher.atomic_batch"}
{"elapsed_ns": 21089202, "python_current_bytes": null, "python_peak_bytes": null, "rss_after_bytes": 466956288, "rss_before_bytes": 466849792, "rss_measurement": "resident", "sizes": {"edges": 2060928, "requests": 256, "vertices": 1000000}, "stage": "durable.apply"}
{"elapsed_ns": 20171778, "python_current_bytes": null, "python_peak_bytes": null, "rss_after_bytes": 467091456, "rss_before_bytes": 466964480, "rss_measurement": "resident", "sizes": {"edges": 2061184, "max_operations": 256, "vertices": 1000000}, "stage": "matcher.atomic_batch"}
{"elapsed_ns": 20582824, "python_current_bytes": null, "python_peak_bytes": null, "rss_after_bytes": 467058688, "rss_before_bytes": 466944000, "rss_measurement": "resident", "sizes": {"edges": 2061184, "requests": 256, "vertices": 1000000}, "stage": "durable.apply"}
{"elapsed_ns": 19531190, "python_current_bytes": null, "python_peak_bytes": null, "rss_after_bytes": 467185664, "rss_before_bytes": 467075072, "rss_measurement": "resident", "sizes": {"edges": 2061440, "max_operations": 256, "vertices": 1000000}, "stage": "matcher.atomic_batch"}
{"elapsed_ns": 19897818, "python_current_bytes": null, "python_peak_bytes": null, "rss_after_bytes": 467152896, "rss_before_bytes": 467054592, "rss_measurement": "resident", "sizes": {"edges": 2061440, "requests": 256, "vertices": 1000000}, "stage": "durable.apply"}
{"elapsed_ns": 19917027, "python_current_bytes": null, "python_peak_bytes": null, "rss_after_bytes": 467288064, "rss_before_bytes": 467169280, "rss_measurement": "resident", "sizes": {"edges": 2061696, "max_operations": 256, "vertices": 1000000}, "stage": "matcher.atomic_batch"}
{"elapsed_ns": 20309738, "python_current_bytes": null, "python_peak_bytes": null, "rss_after_bytes": 467255296, "rss_before_bytes": 467148800, "rss_measurement": "resident", "sizes": {"edges": 2061696, "requests": 256, "vertices": 1000000}, "stage": "durable.apply"}
{"elapsed_ns": 19698566, "python_current_bytes": null, "python_peak_bytes": null, "rss_after_bytes": 467382272, "rss_before_bytes": 467263488, "rss_measurement": "resident", "sizes": {"edges": 2061952, "max_operations": 256, "vertices": 1000000}, "stage": "matcher.atomic_batch"}
{"elapsed_ns": 20105736, "python_current_bytes": null, "python_peak_bytes": null, "rss_after_bytes": 467349504, "rss_before_bytes": 467243008, "rss_measurement": "resident", "sizes": {"edges": 2061952, "requests": 256, "vertices": 1000000}, "stage": "durable.apply"}
{"elapsed_ns": 19380314, "python_current_bytes": null, "python_peak_bytes": null, "rss_after_bytes": 467484672, "rss_before_bytes": 467357696, "rss_measurement": "resident", "sizes": {"edges": 2062208, "max_operations": 256, "vertices": 1000000}, "stage": "matcher.atomic_batch"}
{"elapsed_ns": 19747358, "python_current_bytes": null, "python_peak_bytes": null, "rss_after_bytes": 467451904, "rss_before_bytes": 467337216, "rss_measurement": "resident", "sizes": {"edges": 2062208, "requests": 256, "vertices": 1000000}, "stage": "durable.apply"}
{"elapsed_ns": 19879401, "python_current_bytes": null, "python_peak_bytes": null, "rss_after_bytes": 467574784, "rss_before_bytes": 467460096, "rss_measurement": "resident", "sizes": {"edges": 2062464, "max_operations": 256, "vertices": 1000000}, "stage": "matcher.atomic_batch"}
{"elapsed_ns": 20235695, "python_current_bytes": null, "python_peak_bytes": null, "rss_after_bytes": 467542016, "rss_before_bytes": 467439616, "rss_measurement": "resident", "sizes": {"edges": 2062464, "requests": 256, "vertices": 1000000}, "stage": "durable.apply"}
{"elapsed_ns": 21911167, "python_current_bytes": null, "python_peak_bytes": null, "rss_after_bytes": 467668992, "rss_before_bytes": 467558400, "rss_measurement": "resident", "sizes": {"edges": 2062720, "max_operations": 256, "vertices": 1000000}, "stage": "matcher.atomic_batch"}
{"elapsed_ns": 22282711, "python_current_bytes": null, "python_peak_bytes": null, "rss_after_bytes": 467636224, "rss_before_bytes": 467537920, "rss_measurement": "resident", "sizes": {"edges": 2062720, "requests": 256, "vertices": 1000000}, "stage": "durable.apply"}
{"elapsed_ns": 20138737, "python_current_bytes": null, "python_peak_bytes": null, "rss_after_bytes": 467771392, "rss_before_bytes": 467652608, "rss_measurement": "resident", "sizes": {"edges": 2062976, "max_operations": 256, "vertices": 1000000}, "stage": "matcher.atomic_batch"}
{"elapsed_ns": 20520073, "python_current_bytes": null, "python_peak_bytes": null, "rss_after_bytes": 467738624, "rss_before_bytes": 467632128, "rss_measurement": "resident", "sizes": {"edges": 2062976, "requests": 256, "vertices": 1000000}, "stage": "durable.apply"}
{"elapsed_ns": 19881443, "python_current_bytes": null, "python_peak_bytes": null, "rss_after_bytes": 467865600, "rss_before_bytes": 467746816, "rss_measurement": "resident", "sizes": {"edges": 2063232, "max_operations": 256, "vertices": 1000000}, "stage": "matcher.atomic_batch"}
{"elapsed_ns": 20413530, "python_current_bytes": null, "python_peak_bytes": null, "rss_after_bytes": 467832832, "rss_before_bytes": 467726336, "rss_measurement": "resident", "sizes": {"edges": 2063232, "requests": 256, "vertices": 1000000}, "stage": "durable.apply"}
{"elapsed_ns": 19484273, "python_current_bytes": null, "python_peak_bytes": null, "rss_after_bytes": 467968000, "rss_before_bytes": 467841024, "rss_measurement": "resident", "sizes": {"edges": 2063488, "max_operations": 256, "vertices": 1000000}, "stage": "matcher.atomic_batch"}
{"elapsed_ns": 19842234, "python_current_bytes": null, "python_peak_bytes": null, "rss_after_bytes": 467935232, "rss_before_bytes": 467820544, "rss_measurement": "resident", "sizes": {"edges": 2063488, "requests": 256, "vertices": 1000000}, "stage": "durable.apply"}
{"elapsed_ns": 19315813, "python_current_bytes": null, "python_peak_bytes": null, "rss_after_bytes": 468062208, "rss_before_bytes": 467951616, "rss_measurement": "resident", "sizes": {"edges": 2063744, "max_operations": 256, "vertices": 1000000}, "stage": "matcher.atomic_batch"}
{"elapsed_ns": 19670358, "python_current_bytes": null, "python_peak_bytes": null, "rss_after_bytes": 468029440, "rss_before_bytes": 467931136, "rss_measurement": "resident", "sizes": {"edges": 2063744, "requests": 256, "vertices": 1000000}, "stage": "durable.apply"}
{"elapsed_ns": 19733900, "python_current_bytes": null, "python_peak_bytes": null, "rss_after_bytes": 468168704, "rss_before_bytes": 468037632, "rss_measurement": "resident", "sizes": {"edges": 2064000, "max_operations": 256, "vertices": 1000000}, "stage": "matcher.atomic_batch"}
{"elapsed_ns": 20122986, "python_current_bytes": null, "python_peak_bytes": null, "rss_after_bytes": 468135936, "rss_before_bytes": 468017152, "rss_measurement": "resident", "sizes": {"edges": 2064000, "requests": 256, "vertices": 1000000}, "stage": "durable.apply"}
{"elapsed_ns": 19930026, "python_current_bytes": null, "python_peak_bytes": null, "rss_after_bytes": 468262912, "rss_before_bytes": 468144128, "rss_measurement": "resident", "sizes": {"edges": 2064256, "max_operations": 256, "vertices": 1000000}, "stage": "matcher.atomic_batch"}
{"elapsed_ns": 20325405, "python_current_bytes": null, "python_peak_bytes": null, "rss_after_bytes": 468230144, "rss_before_bytes": 468123648, "rss_measurement": "resident", "sizes": {"edges": 2064256, "requests": 256, "vertices": 1000000}, "stage": "durable.apply"}
{"elapsed_ns": 19679649, "python_current_bytes": null, "python_peak_bytes": null, "rss_after_bytes": 468365312, "rss_before_bytes": 468246528, "rss_measurement": "resident", "sizes": {"edges": 2064512, "max_operations": 256, "vertices": 1000000}, "stage": "matcher.atomic_batch"}
{"elapsed_ns": 20047695, "python_current_bytes": null, "python_peak_bytes": null, "rss_after_bytes": 468332544, "rss_before_bytes": 468226048, "rss_measurement": "resident", "sizes": {"edges": 2064512, "requests": 256, "vertices": 1000000}, "stage": "durable.apply"}
{"elapsed_ns": 19853817, "python_current_bytes": null, "python_peak_bytes": null, "rss_after_bytes": 468459520, "rss_before_bytes": 468348928, "rss_measurement": "resident", "sizes": {"edges": 2064768, "max_operations": 256, "vertices": 1000000}, "stage": "matcher.atomic_batch"}
{"elapsed_ns": 20226029, "python_current_bytes": null, "python_peak_bytes": null, "rss_after_bytes": 468426752, "rss_before_bytes": 468328448, "rss_measurement": "resident", "sizes": {"edges": 2064768, "requests": 256, "vertices": 1000000}, "stage": "durable.apply"}
{"elapsed_ns": 19968402, "python_current_bytes": null, "python_peak_bytes": null, "rss_after_bytes": 468561920, "rss_before_bytes": 468443136, "rss_measurement": "resident", "sizes": {"edges": 2065024, "max_operations": 256, "vertices": 1000000}, "stage": "matcher.atomic_batch"}
{"elapsed_ns": 20390738, "python_current_bytes": null, "python_peak_bytes": null, "rss_after_bytes": 468529152, "rss_before_bytes": 468422656, "rss_measurement": "resident", "sizes": {"edges": 2065024, "requests": 256, "vertices": 1000000}, "stage": "durable.apply"}
{"elapsed_ns": 20019777, "python_current_bytes": null, "python_peak_bytes": null, "rss_after_bytes": 468656128, "rss_before_bytes": 468537344, "rss_measurement": "resident", "sizes": {"edges": 2065280, "max_operations": 256, "vertices": 1000000}, "stage": "matcher.atomic_batch"}
{"elapsed_ns": 20387822, "python_current_bytes": null, "python_peak_bytes": null, "rss_after_bytes": 468623360, "rss_before_bytes": 468516864, "rss_measurement": "resident", "sizes": {"edges": 2065280, "requests": 256, "vertices": 1000000}, "stage": "durable.apply"}
{"elapsed_ns": 19974319, "python_current_bytes": null, "python_peak_bytes": null, "rss_after_bytes": 468750336, "rss_before_bytes": 468631552, "rss_measurement": "resident", "sizes": {"edges": 2065536, "max_operations": 256, "vertices": 1000000}, "stage": "matcher.atomic_batch"}
{"elapsed_ns": 20443613, "python_current_bytes": null, "python_peak_bytes": null, "rss_after_bytes": 468717568, "rss_before_bytes": 468611072, "rss_measurement": "resident", "sizes": {"edges": 2065536, "requests": 256, "vertices": 1000000}, "stage": "durable.apply"}
{"elapsed_ns": 19287147, "python_current_bytes": null, "python_peak_bytes": null, "rss_after_bytes": 468852736, "rss_before_bytes": 468733952, "rss_measurement": "resident", "sizes": {"edges": 2065792, "max_operations": 256, "vertices": 1000000}, "stage": "matcher.atomic_batch"}
{"elapsed_ns": 19649108, "python_current_bytes": null, "python_peak_bytes": null, "rss_after_bytes": 468819968, "rss_before_bytes": 468713472, "rss_measurement": "resident", "sizes": {"edges": 2065792, "requests": 256, "vertices": 1000000}, "stage": "durable.apply"}
{"elapsed_ns": 112385771, "python_current_bytes": null, "python_peak_bytes": null, "rss_after_bytes": 468946944, "rss_before_bytes": 468828160, "rss_measurement": "resident", "sizes": {"edges": 2066048, "max_operations": 256, "vertices": 1000000}, "stage": "matcher.atomic_batch"}
{"elapsed_ns": 112828566, "python_current_bytes": null, "python_peak_bytes": null, "rss_after_bytes": 468914176, "rss_before_bytes": 468807680, "rss_measurement": "resident", "sizes": {"edges": 2066048, "requests": 256, "vertices": 1000000}, "stage": "durable.apply"}
{"elapsed_ns": 20217612, "python_current_bytes": null, "python_peak_bytes": null, "rss_after_bytes": 469049344, "rss_before_bytes": 468922368, "rss_measurement": "resident", "sizes": {"edges": 2066304, "max_operations": 256, "vertices": 1000000}, "stage": "matcher.atomic_batch"}
{"elapsed_ns": 20612740, "python_current_bytes": null, "python_peak_bytes": null, "rss_after_bytes": 469016576, "rss_before_bytes": 468901888, "rss_measurement": "resident", "sizes": {"edges": 2066304, "requests": 256, "vertices": 1000000}, "stage": "durable.apply"}
{"elapsed_ns": 19349481, "python_current_bytes": null, "python_peak_bytes": null, "rss_after_bytes": 469147648, "rss_before_bytes": 469024768, "rss_measurement": "resident", "sizes": {"edges": 2066560, "max_operations": 256, "vertices": 1000000}, "stage": "matcher.atomic_batch"}
{"elapsed_ns": 19722317, "python_current_bytes": null, "python_peak_bytes": null, "rss_after_bytes": 469114880, "rss_before_bytes": 469004288, "rss_measurement": "resident", "sizes": {"edges": 2066560, "requests": 256, "vertices": 1000000}, "stage": "durable.apply"}
{"elapsed_ns": 21453955, "python_current_bytes": null, "python_peak_bytes": null, "rss_after_bytes": 469250048, "rss_before_bytes": 469131264, "rss_measurement": "resident", "sizes": {"edges": 2066816, "max_operations": 256, "vertices": 1000000}, "stage": "matcher.atomic_batch"}
{"elapsed_ns": 21838624, "python_current_bytes": null, "python_peak_bytes": null, "rss_after_bytes": 469217280, "rss_before_bytes": 469110784, "rss_measurement": "resident", "sizes": {"edges": 2066816, "requests": 256, "vertices": 1000000}, "stage": "durable.apply"}
{"elapsed_ns": 65288871, "python_current_bytes": null, "python_peak_bytes": null, "rss_after_bytes": 469344256, "rss_before_bytes": 469225472, "rss_measurement": "resident", "sizes": {"edges": 2067072, "max_operations": 256, "vertices": 1000000}, "stage": "matcher.atomic_batch"}
{"elapsed_ns": 65755667, "python_current_bytes": null, "python_peak_bytes": null, "rss_after_bytes": 469311488, "rss_before_bytes": 469204992, "rss_measurement": "resident", "sizes": {"edges": 2067072, "requests": 256, "vertices": 1000000}, "stage": "durable.apply"}
{"elapsed_ns": 19864817, "python_current_bytes": null, "python_peak_bytes": null, "rss_after_bytes": 469446656, "rss_before_bytes": 469327872, "rss_measurement": "resident", "sizes": {"edges": 2067328, "max_operations": 256, "vertices": 1000000}, "stage": "matcher.atomic_batch"}
{"elapsed_ns": 20275988, "python_current_bytes": null, "python_peak_bytes": null, "rss_after_bytes": 469413888, "rss_before_bytes": 469299200, "rss_measurement": "resident", "sizes": {"edges": 2067328, "requests": 256, "vertices": 1000000}, "stage": "durable.apply"}
{"elapsed_ns": 19846651, "python_current_bytes": null, "python_peak_bytes": null, "rss_after_bytes": 469540864, "rss_before_bytes": 469430272, "rss_measurement": "resident", "sizes": {"edges": 2067584, "max_operations": 256, "vertices": 1000000}, "stage": "matcher.atomic_batch"}
{"elapsed_ns": 20204112, "python_current_bytes": null, "python_peak_bytes": null, "rss_after_bytes": 469508096, "rss_before_bytes": 469409792, "rss_measurement": "resident", "sizes": {"edges": 2067584, "requests": 256, "vertices": 1000000}, "stage": "durable.apply"}
{"elapsed_ns": 19614357, "python_current_bytes": null, "python_peak_bytes": null, "rss_after_bytes": 469643264, "rss_before_bytes": 469524480, "rss_measurement": "resident", "sizes": {"edges": 2067840, "max_operations": 256, "vertices": 1000000}, "stage": "matcher.atomic_batch"}
{"elapsed_ns": 19983944, "python_current_bytes": null, "python_peak_bytes": null, "rss_after_bytes": 469610496, "rss_before_bytes": 469504000, "rss_measurement": "resident", "sizes": {"edges": 2067840, "requests": 256, "vertices": 1000000}, "stage": "durable.apply"}
{"elapsed_ns": 19596232, "python_current_bytes": null, "python_peak_bytes": null, "rss_after_bytes": 469737472, "rss_before_bytes": 469626880, "rss_measurement": "resident", "sizes": {"edges": 2068096, "max_operations": 256, "vertices": 1000000}, "stage": "matcher.atomic_batch"}
{"elapsed_ns": 19975485, "python_current_bytes": null, "python_peak_bytes": null, "rss_after_bytes": 469704704, "rss_before_bytes": 469606400, "rss_measurement": "resident", "sizes": {"edges": 2068096, "requests": 256, "vertices": 1000000}, "stage": "durable.apply"}
{"elapsed_ns": 19869026, "python_current_bytes": null, "python_peak_bytes": null, "rss_after_bytes": 469839872, "rss_before_bytes": 469712896, "rss_measurement": "resident", "sizes": {"edges": 2068352, "max_operations": 256, "vertices": 1000000}, "stage": "matcher.atomic_batch"}
{"elapsed_ns": 20233238, "python_current_bytes": null, "python_peak_bytes": null, "rss_after_bytes": 469807104, "rss_before_bytes": 469692416, "rss_measurement": "resident", "sizes": {"edges": 2068352, "requests": 256, "vertices": 1000000}, "stage": "durable.apply"}
{"elapsed_ns": 19897901, "python_current_bytes": null, "python_peak_bytes": null, "rss_after_bytes": 469934080, "rss_before_bytes": 469815296, "rss_measurement": "resident", "sizes": {"edges": 2068608, "max_operations": 256, "vertices": 1000000}, "stage": "matcher.atomic_batch"}
{"elapsed_ns": 20270029, "python_current_bytes": null, "python_peak_bytes": null, "rss_after_bytes": 469901312, "rss_before_bytes": 469794816, "rss_measurement": "resident", "sizes": {"edges": 2068608, "requests": 256, "vertices": 1000000}, "stage": "durable.apply"}
{"elapsed_ns": 19637732, "python_current_bytes": null, "python_peak_bytes": null, "rss_after_bytes": 470028288, "rss_before_bytes": 469909504, "rss_measurement": "resident", "sizes": {"edges": 2068864, "max_operations": 256, "vertices": 1000000}, "stage": "matcher.atomic_batch"}
{"elapsed_ns": 20003944, "python_current_bytes": null, "python_peak_bytes": null, "rss_after_bytes": 469995520, "rss_before_bytes": 469889024, "rss_measurement": "resident", "sizes": {"edges": 2068864, "requests": 256, "vertices": 1000000}, "stage": "durable.apply"}
{"elapsed_ns": 19584358, "python_current_bytes": null, "python_peak_bytes": null, "rss_after_bytes": 470130688, "rss_before_bytes": 470003712, "rss_measurement": "resident", "sizes": {"edges": 2069120, "max_operations": 256, "vertices": 1000000}, "stage": "matcher.atomic_batch"}
{"elapsed_ns": 19951902, "python_current_bytes": null, "python_peak_bytes": null, "rss_after_bytes": 470097920, "rss_before_bytes": 469983232, "rss_measurement": "resident", "sizes": {"edges": 2069120, "requests": 256, "vertices": 1000000}, "stage": "durable.apply"}
{"elapsed_ns": 19837193, "python_current_bytes": null, "python_peak_bytes": null, "rss_after_bytes": 470224896, "rss_before_bytes": 470114304, "rss_measurement": "resident", "sizes": {"edges": 2069376, "max_operations": 256, "vertices": 1000000}, "stage": "matcher.atomic_batch"}
{"elapsed_ns": 20249279, "python_current_bytes": null, "python_peak_bytes": null, "rss_after_bytes": 470192128, "rss_before_bytes": 470093824, "rss_measurement": "resident", "sizes": {"edges": 2069376, "requests": 256, "vertices": 1000000}, "stage": "durable.apply"}
{"elapsed_ns": 20133070, "python_current_bytes": null, "python_peak_bytes": null, "rss_after_bytes": 470335488, "rss_before_bytes": 470200320, "rss_measurement": "resident", "sizes": {"edges": 2069632, "max_operations": 256, "vertices": 1000000}, "stage": "matcher.atomic_batch"}
{"elapsed_ns": 20492073, "python_current_bytes": null, "python_peak_bytes": null, "rss_after_bytes": 470302720, "rss_before_bytes": 470179840, "rss_measurement": "resident", "sizes": {"edges": 2069632, "requests": 256, "vertices": 1000000}, "stage": "durable.apply"}
{"elapsed_ns": 19667108, "python_current_bytes": null, "python_peak_bytes": null, "rss_after_bytes": 470429696, "rss_before_bytes": 470310912, "rss_measurement": "resident", "sizes": {"edges": 2069888, "max_operations": 256, "vertices": 1000000}, "stage": "matcher.atomic_batch"}
{"elapsed_ns": 20024777, "python_current_bytes": null, "python_peak_bytes": null, "rss_after_bytes": 470396928, "rss_before_bytes": 470290432, "rss_measurement": "resident", "sizes": {"edges": 2069888, "requests": 256, "vertices": 1000000}, "stage": "durable.apply"}
{"elapsed_ns": 19823359, "python_current_bytes": null, "python_peak_bytes": null, "rss_after_bytes": 470532096, "rss_before_bytes": 470413312, "rss_measurement": "resident", "sizes": {"edges": 2070144, "max_operations": 256, "vertices": 1000000}, "stage": "matcher.atomic_batch"}
{"elapsed_ns": 20232612, "python_current_bytes": null, "python_peak_bytes": null, "rss_after_bytes": 470499328, "rss_before_bytes": 470392832, "rss_measurement": "resident", "sizes": {"edges": 2070144, "requests": 256, "vertices": 1000000}, "stage": "durable.apply"}
{"elapsed_ns": 19751275, "python_current_bytes": null, "python_peak_bytes": null, "rss_after_bytes": 470634496, "rss_before_bytes": 470515712, "rss_measurement": "resident", "sizes": {"edges": 2070400, "max_operations": 256, "vertices": 1000000}, "stage": "matcher.atomic_batch"}
{"elapsed_ns": 20141403, "python_current_bytes": null, "python_peak_bytes": null, "rss_after_bytes": 470601728, "rss_before_bytes": 470495232, "rss_measurement": "resident", "sizes": {"edges": 2070400, "requests": 256, "vertices": 1000000}, "stage": "durable.apply"}
{"elapsed_ns": 19792901, "python_current_bytes": null, "python_peak_bytes": null, "rss_after_bytes": 470736896, "rss_before_bytes": 470618112, "rss_measurement": "resident", "sizes": {"edges": 2070656, "max_operations": 256, "vertices": 1000000}, "stage": "matcher.atomic_batch"}
{"elapsed_ns": 20146153, "python_current_bytes": null, "python_peak_bytes": null, "rss_after_bytes": 470704128, "rss_before_bytes": 470597632, "rss_measurement": "resident", "sizes": {"edges": 2070656, "requests": 256, "vertices": 1000000}, "stage": "durable.apply"}
{"elapsed_ns": 19685899, "python_current_bytes": null, "python_peak_bytes": null, "rss_after_bytes": 470831104, "rss_before_bytes": 470720512, "rss_measurement": "resident", "sizes": {"edges": 2070912, "max_operations": 256, "vertices": 1000000}, "stage": "matcher.atomic_batch"}
{"elapsed_ns": 20043986, "python_current_bytes": null, "python_peak_bytes": null, "rss_after_bytes": 470798336, "rss_before_bytes": 470700032, "rss_measurement": "resident", "sizes": {"edges": 2070912, "requests": 256, "vertices": 1000000}, "stage": "durable.apply"}
{"elapsed_ns": 22264461, "python_current_bytes": null, "python_peak_bytes": null, "rss_after_bytes": 470933504, "rss_before_bytes": 470814720, "rss_measurement": "resident", "sizes": {"edges": 2071168, "max_operations": 256, "vertices": 1000000}, "stage": "matcher.atomic_batch"}
{"elapsed_ns": 22645172, "python_current_bytes": null, "python_peak_bytes": null, "rss_after_bytes": 470900736, "rss_before_bytes": 470794240, "rss_measurement": "resident", "sizes": {"edges": 2071168, "requests": 256, "vertices": 1000000}, "stage": "durable.apply"}
{"elapsed_ns": 20112653, "python_current_bytes": null, "python_peak_bytes": null, "rss_after_bytes": 471027712, "rss_before_bytes": 470908928, "rss_measurement": "resident", "sizes": {"edges": 2071424, "max_operations": 256, "vertices": 1000000}, "stage": "matcher.atomic_batch"}
{"elapsed_ns": 20493156, "python_current_bytes": null, "python_peak_bytes": null, "rss_after_bytes": 470994944, "rss_before_bytes": 470888448, "rss_measurement": "resident", "sizes": {"edges": 2071424, "requests": 256, "vertices": 1000000}, "stage": "durable.apply"}
{"elapsed_ns": 19872360, "python_current_bytes": null, "python_peak_bytes": null, "rss_after_bytes": 471130112, "rss_before_bytes": 471011328, "rss_measurement": "resident", "sizes": {"edges": 2071680, "max_operations": 256, "vertices": 1000000}, "stage": "matcher.atomic_batch"}
{"elapsed_ns": 20309821, "python_current_bytes": null, "python_peak_bytes": null, "rss_after_bytes": 471097344, "rss_before_bytes": 470990848, "rss_measurement": "resident", "sizes": {"edges": 2071680, "requests": 256, "vertices": 1000000}, "stage": "durable.apply"}
{"elapsed_ns": 19675358, "python_current_bytes": null, "python_peak_bytes": null, "rss_after_bytes": 471224320, "rss_before_bytes": 471113728, "rss_measurement": "resident", "sizes": {"edges": 2071936, "max_operations": 256, "vertices": 1000000}, "stage": "matcher.atomic_batch"}
{"elapsed_ns": 20034778, "python_current_bytes": null, "python_peak_bytes": null, "rss_after_bytes": 471191552, "rss_before_bytes": 471093248, "rss_measurement": "resident", "sizes": {"edges": 2071936, "requests": 256, "vertices": 1000000}, "stage": "durable.apply"}
{"elapsed_ns": 20157195, "python_current_bytes": null, "python_peak_bytes": null, "rss_after_bytes": 471318528, "rss_before_bytes": 471207936, "rss_measurement": "resident", "sizes": {"edges": 2072192, "max_operations": 256, "vertices": 1000000}, "stage": "matcher.atomic_batch"}
{"elapsed_ns": 20603282, "python_current_bytes": null, "python_peak_bytes": null, "rss_after_bytes": 471285760, "rss_before_bytes": 471179264, "rss_measurement": "resident", "sizes": {"edges": 2072192, "requests": 256, "vertices": 1000000}, "stage": "durable.apply"}
{"elapsed_ns": 20059653, "python_current_bytes": null, "python_peak_bytes": null, "rss_after_bytes": 471420928, "rss_before_bytes": 471293952, "rss_measurement": "resident", "sizes": {"edges": 2072448, "max_operations": 256, "vertices": 1000000}, "stage": "matcher.atomic_batch"}
{"elapsed_ns": 20440363, "python_current_bytes": null, "python_peak_bytes": null, "rss_after_bytes": 471388160, "rss_before_bytes": 471273472, "rss_measurement": "resident", "sizes": {"edges": 2072448, "requests": 256, "vertices": 1000000}, "stage": "durable.apply"}
{"elapsed_ns": 20033611, "python_current_bytes": null, "python_peak_bytes": null, "rss_after_bytes": 471515136, "rss_before_bytes": 471404544, "rss_measurement": "resident", "sizes": {"edges": 2072704, "max_operations": 256, "vertices": 1000000}, "stage": "matcher.atomic_batch"}
{"elapsed_ns": 20401738, "python_current_bytes": null, "python_peak_bytes": null, "rss_after_bytes": 471482368, "rss_before_bytes": 471384064, "rss_measurement": "resident", "sizes": {"edges": 2072704, "requests": 256, "vertices": 1000000}, "stage": "durable.apply"}
{"elapsed_ns": 20064902, "python_current_bytes": null, "python_peak_bytes": null, "rss_after_bytes": 471617536, "rss_before_bytes": 471498752, "rss_measurement": "resident", "sizes": {"edges": 2072960, "max_operations": 256, "vertices": 1000000}, "stage": "matcher.atomic_batch"}
{"elapsed_ns": 20439322, "python_current_bytes": null, "python_peak_bytes": null, "rss_after_bytes": 471584768, "rss_before_bytes": 471478272, "rss_measurement": "resident", "sizes": {"edges": 2072960, "requests": 256, "vertices": 1000000}, "stage": "durable.apply"}
{"elapsed_ns": 19915026, "python_current_bytes": null, "python_peak_bytes": null, "rss_after_bytes": 471711744, "rss_before_bytes": 471601152, "rss_measurement": "resident", "sizes": {"edges": 2073216, "max_operations": 256, "vertices": 1000000}, "stage": "matcher.atomic_batch"}
{"elapsed_ns": 20284362, "python_current_bytes": null, "python_peak_bytes": null, "rss_after_bytes": 471678976, "rss_before_bytes": 471580672, "rss_measurement": "resident", "sizes": {"edges": 2073216, "requests": 256, "vertices": 1000000}, "stage": "durable.apply"}
{"elapsed_ns": 20448864, "python_current_bytes": null, "python_peak_bytes": null, "rss_after_bytes": 471814144, "rss_before_bytes": 471695360, "rss_measurement": "resident", "sizes": {"edges": 2073472, "max_operations": 256, "vertices": 1000000}, "stage": "matcher.atomic_batch"}
{"elapsed_ns": 20841700, "python_current_bytes": null, "python_peak_bytes": null, "rss_after_bytes": 471781376, "rss_before_bytes": 471674880, "rss_measurement": "resident", "sizes": {"edges": 2073472, "requests": 256, "vertices": 1000000}, "stage": "durable.apply"}
{"elapsed_ns": 19709274, "python_current_bytes": null, "python_peak_bytes": null, "rss_after_bytes": 471908352, "rss_before_bytes": 471789568, "rss_measurement": "resident", "sizes": {"edges": 2073728, "max_operations": 256, "vertices": 1000000}, "stage": "matcher.atomic_batch"}
{"elapsed_ns": 20095694, "python_current_bytes": null, "python_peak_bytes": null, "rss_after_bytes": 471875584, "rss_before_bytes": 471769088, "rss_measurement": "resident", "sizes": {"edges": 2073728, "requests": 256, "vertices": 1000000}, "stage": "durable.apply"}
{"elapsed_ns": 20257779, "python_current_bytes": null, "python_peak_bytes": null, "rss_after_bytes": 471977984, "rss_before_bytes": 471891968, "rss_measurement": "resident", "sizes": {"edges": 2073984, "max_operations": 256, "vertices": 1000000}, "stage": "matcher.atomic_batch"}
{"elapsed_ns": 20695991, "python_current_bytes": null, "python_peak_bytes": null, "rss_after_bytes": 471945216, "rss_before_bytes": 471871488, "rss_measurement": "resident", "sizes": {"edges": 2073984, "requests": 256, "vertices": 1000000}, "stage": "durable.apply"}
{"elapsed_ns": 19901109, "python_current_bytes": null, "python_peak_bytes": null, "rss_after_bytes": 472047616, "rss_before_bytes": 471953408, "rss_measurement": "resident", "sizes": {"edges": 2074240, "max_operations": 256, "vertices": 1000000}, "stage": "matcher.atomic_batch"}
{"elapsed_ns": 20278779, "python_current_bytes": null, "python_peak_bytes": null, "rss_after_bytes": 472014848, "rss_before_bytes": 471932928, "rss_measurement": "resident", "sizes": {"edges": 2074240, "requests": 256, "vertices": 1000000}, "stage": "durable.apply"}
{"elapsed_ns": 20115445, "python_current_bytes": null, "python_peak_bytes": null, "rss_after_bytes": 472117248, "rss_before_bytes": 472023040, "rss_measurement": "resident", "sizes": {"edges": 2074496, "max_operations": 256, "vertices": 1000000}, "stage": "matcher.atomic_batch"}
{"elapsed_ns": 20527656, "python_current_bytes": null, "python_peak_bytes": null, "rss_after_bytes": 472084480, "rss_before_bytes": 472002560, "rss_measurement": "resident", "sizes": {"edges": 2074496, "requests": 256, "vertices": 1000000}, "stage": "durable.apply"}
{"elapsed_ns": 20027402, "python_current_bytes": null, "python_peak_bytes": null, "rss_after_bytes": 472186880, "rss_before_bytes": 472092672, "rss_measurement": "resident", "sizes": {"edges": 2074752, "max_operations": 256, "vertices": 1000000}, "stage": "matcher.atomic_batch"}
{"elapsed_ns": 20412989, "python_current_bytes": null, "python_peak_bytes": null, "rss_after_bytes": 472154112, "rss_before_bytes": 472072192, "rss_measurement": "resident", "sizes": {"edges": 2074752, "requests": 256, "vertices": 1000000}, "stage": "durable.apply"}
{"elapsed_ns": 20384364, "python_current_bytes": null, "python_peak_bytes": null, "rss_after_bytes": 472260608, "rss_before_bytes": 472170496, "rss_measurement": "resident", "sizes": {"edges": 2075008, "max_operations": 256, "vertices": 1000000}, "stage": "matcher.atomic_batch"}
{"elapsed_ns": 20772491, "python_current_bytes": null, "python_peak_bytes": null, "rss_after_bytes": 472227840, "rss_before_bytes": 472141824, "rss_measurement": "resident", "sizes": {"edges": 2075008, "requests": 256, "vertices": 1000000}, "stage": "durable.apply"}
{"elapsed_ns": 19870442, "python_current_bytes": null, "python_peak_bytes": null, "rss_after_bytes": 472326144, "rss_before_bytes": 472236032, "rss_measurement": "resident", "sizes": {"edges": 2075264, "max_operations": 256, "vertices": 1000000}, "stage": "matcher.atomic_batch"}
{"elapsed_ns": 20275154, "python_current_bytes": null, "python_peak_bytes": null, "rss_after_bytes": 472293376, "rss_before_bytes": 472215552, "rss_measurement": "resident", "sizes": {"edges": 2075264, "requests": 256, "vertices": 1000000}, "stage": "durable.apply"}
{"elapsed_ns": 19938235, "python_current_bytes": null, "python_peak_bytes": null, "rss_after_bytes": 472395776, "rss_before_bytes": 472309760, "rss_measurement": "resident", "sizes": {"edges": 2075520, "max_operations": 256, "vertices": 1000000}, "stage": "matcher.atomic_batch"}
{"elapsed_ns": 20380113, "python_current_bytes": null, "python_peak_bytes": null, "rss_after_bytes": 472363008, "rss_before_bytes": 472289280, "rss_measurement": "resident", "sizes": {"edges": 2075520, "requests": 256, "vertices": 1000000}, "stage": "durable.apply"}
{"elapsed_ns": 19760192, "python_current_bytes": null, "python_peak_bytes": null, "rss_after_bytes": 472465408, "rss_before_bytes": 472379392, "rss_measurement": "resident", "sizes": {"edges": 2075776, "max_operations": 256, "vertices": 1000000}, "stage": "matcher.atomic_batch"}
{"elapsed_ns": 20118653, "python_current_bytes": null, "python_peak_bytes": null, "rss_after_bytes": 472432640, "rss_before_bytes": 472358912, "rss_measurement": "resident", "sizes": {"edges": 2075776, "requests": 256, "vertices": 1000000}, "stage": "durable.apply"}
{"elapsed_ns": 19971902, "python_current_bytes": null, "python_peak_bytes": null, "rss_after_bytes": 472535040, "rss_before_bytes": 472449024, "rss_measurement": "resident", "sizes": {"edges": 2076032, "max_operations": 256, "vertices": 1000000}, "stage": "matcher.atomic_batch"}
{"elapsed_ns": 20330863, "python_current_bytes": null, "python_peak_bytes": null, "rss_after_bytes": 472502272, "rss_before_bytes": 472428544, "rss_measurement": "resident", "sizes": {"edges": 2076032, "requests": 256, "vertices": 1000000}, "stage": "durable.apply"}
{"elapsed_ns": 19744984, "python_current_bytes": null, "python_peak_bytes": null, "rss_after_bytes": 472604672, "rss_before_bytes": 472510464, "rss_measurement": "resident", "sizes": {"edges": 2076288, "max_operations": 256, "vertices": 1000000}, "stage": "matcher.atomic_batch"}
{"elapsed_ns": 20121611, "python_current_bytes": null, "python_peak_bytes": null, "rss_after_bytes": 472571904, "rss_before_bytes": 472489984, "rss_measurement": "resident", "sizes": {"edges": 2076288, "requests": 256, "vertices": 1000000}, "stage": "durable.apply"}
{"elapsed_ns": 19408356, "python_current_bytes": null, "python_peak_bytes": null, "rss_after_bytes": 472674304, "rss_before_bytes": 472588288, "rss_measurement": "resident", "sizes": {"edges": 2076544, "max_operations": 256, "vertices": 1000000}, "stage": "matcher.atomic_batch"}
{"elapsed_ns": 19803942, "python_current_bytes": null, "python_peak_bytes": null, "rss_after_bytes": 472641536, "rss_before_bytes": 472567808, "rss_measurement": "resident", "sizes": {"edges": 2076544, "requests": 256, "vertices": 1000000}, "stage": "durable.apply"}
{"elapsed_ns": 20144445, "python_current_bytes": null, "python_peak_bytes": null, "rss_after_bytes": 472743936, "rss_before_bytes": 472657920, "rss_measurement": "resident", "sizes": {"edges": 2076800, "max_operations": 256, "vertices": 1000000}, "stage": "matcher.atomic_batch"}
{"elapsed_ns": 20586031, "python_current_bytes": null, "python_peak_bytes": null, "rss_after_bytes": 472711168, "rss_before_bytes": 472637440, "rss_measurement": "resident", "sizes": {"edges": 2076800, "requests": 256, "vertices": 1000000}, "stage": "durable.apply"}
{"elapsed_ns": 19665025, "python_current_bytes": null, "python_peak_bytes": null, "rss_after_bytes": 472813568, "rss_before_bytes": 472719360, "rss_measurement": "resident", "sizes": {"edges": 2077056, "max_operations": 256, "vertices": 1000000}, "stage": "matcher.atomic_batch"}
{"elapsed_ns": 20044028, "python_current_bytes": null, "python_peak_bytes": null, "rss_after_bytes": 472780800, "rss_before_bytes": 472698880, "rss_measurement": "resident", "sizes": {"edges": 2077056, "requests": 256, "vertices": 1000000}, "stage": "durable.apply"}
{"elapsed_ns": 19655857, "python_current_bytes": null, "python_peak_bytes": null, "rss_after_bytes": 472883200, "rss_before_bytes": 472797184, "rss_measurement": "resident", "sizes": {"edges": 2077312, "max_operations": 256, "vertices": 1000000}, "stage": "matcher.atomic_batch"}
{"elapsed_ns": 20023819, "python_current_bytes": null, "python_peak_bytes": null, "rss_after_bytes": 472850432, "rss_before_bytes": 472768512, "rss_measurement": "resident", "sizes": {"edges": 2077312, "requests": 256, "vertices": 1000000}, "stage": "durable.apply"}
{"elapsed_ns": 19878610, "python_current_bytes": null, "python_peak_bytes": null, "rss_after_bytes": 472952832, "rss_before_bytes": 472866816, "rss_measurement": "resident", "sizes": {"edges": 2077568, "max_operations": 256, "vertices": 1000000}, "stage": "matcher.atomic_batch"}
{"elapsed_ns": 20240612, "python_current_bytes": null, "python_peak_bytes": null, "rss_after_bytes": 472920064, "rss_before_bytes": 472846336, "rss_measurement": "resident", "sizes": {"edges": 2077568, "requests": 256, "vertices": 1000000}, "stage": "durable.apply"}
{"elapsed_ns": 20067694, "python_current_bytes": null, "python_peak_bytes": null, "rss_after_bytes": 473022464, "rss_before_bytes": 472936448, "rss_measurement": "resident", "sizes": {"edges": 2077824, "max_operations": 256, "vertices": 1000000}, "stage": "matcher.atomic_batch"}
{"elapsed_ns": 20463031, "python_current_bytes": null, "python_peak_bytes": null, "rss_after_bytes": 472989696, "rss_before_bytes": 472915968, "rss_measurement": "resident", "sizes": {"edges": 2077824, "requests": 256, "vertices": 1000000}, "stage": "durable.apply"}
{"elapsed_ns": 19950068, "python_current_bytes": null, "python_peak_bytes": null, "rss_after_bytes": 473092096, "rss_before_bytes": 472997888, "rss_measurement": "resident", "sizes": {"edges": 2078080, "max_operations": 256, "vertices": 1000000}, "stage": "matcher.atomic_batch"}
{"elapsed_ns": 20351530, "python_current_bytes": null, "python_peak_bytes": null, "rss_after_bytes": 473059328, "rss_before_bytes": 472977408, "rss_measurement": "resident", "sizes": {"edges": 2078080, "requests": 256, "vertices": 1000000}, "stage": "durable.apply"}
{"elapsed_ns": 19953194, "python_current_bytes": null, "python_peak_bytes": null, "rss_after_bytes": 473161728, "rss_before_bytes": 473075712, "rss_measurement": "resident", "sizes": {"edges": 2078336, "max_operations": 256, "vertices": 1000000}, "stage": "matcher.atomic_batch"}
{"elapsed_ns": 20362697, "python_current_bytes": null, "python_peak_bytes": null, "rss_after_bytes": 473128960, "rss_before_bytes": 473055232, "rss_measurement": "resident", "sizes": {"edges": 2078336, "requests": 256, "vertices": 1000000}, "stage": "durable.apply"}
{"elapsed_ns": 20371905, "python_current_bytes": null, "python_peak_bytes": null, "rss_after_bytes": 475328512, "rss_before_bytes": 473145344, "rss_measurement": "resident", "sizes": {"edges": 2078592, "max_operations": 256, "vertices": 1000000}, "stage": "matcher.atomic_batch"}
{"elapsed_ns": 20750616, "python_current_bytes": null, "python_peak_bytes": null, "rss_after_bytes": 475295744, "rss_before_bytes": 473124864, "rss_measurement": "resident", "sizes": {"edges": 2078592, "requests": 256, "vertices": 1000000}, "stage": "durable.apply"}
{"elapsed_ns": 20449488, "python_current_bytes": null, "python_peak_bytes": null, "rss_after_bytes": 475398144, "rss_before_bytes": 475303936, "rss_measurement": "resident", "sizes": {"edges": 2078848, "max_operations": 256, "vertices": 1000000}, "stage": "matcher.atomic_batch"}
{"elapsed_ns": 20850992, "python_current_bytes": null, "python_peak_bytes": null, "rss_after_bytes": 475365376, "rss_before_bytes": 475283456, "rss_measurement": "resident", "sizes": {"edges": 2078848, "requests": 256, "vertices": 1000000}, "stage": "durable.apply"}
{"elapsed_ns": 19709441, "python_current_bytes": null, "python_peak_bytes": null, "rss_after_bytes": 475467776, "rss_before_bytes": 475373568, "rss_measurement": "resident", "sizes": {"edges": 2079104, "max_operations": 256, "vertices": 1000000}, "stage": "matcher.atomic_batch"}
{"elapsed_ns": 20098027, "python_current_bytes": null, "python_peak_bytes": null, "rss_after_bytes": 475435008, "rss_before_bytes": 475353088, "rss_measurement": "resident", "sizes": {"edges": 2079104, "requests": 256, "vertices": 1000000}, "stage": "durable.apply"}
{"elapsed_ns": 19805234, "python_current_bytes": null, "python_peak_bytes": null, "rss_after_bytes": 475541504, "rss_before_bytes": 475451392, "rss_measurement": "resident", "sizes": {"edges": 2079360, "max_operations": 256, "vertices": 1000000}, "stage": "matcher.atomic_batch"}
{"elapsed_ns": 20158570, "python_current_bytes": null, "python_peak_bytes": null, "rss_after_bytes": 475508736, "rss_before_bytes": 475430912, "rss_measurement": "resident", "sizes": {"edges": 2079360, "requests": 256, "vertices": 1000000}, "stage": "durable.apply"}
{"elapsed_ns": 19804525, "python_current_bytes": null, "python_peak_bytes": null, "rss_after_bytes": 475611136, "rss_before_bytes": 475525120, "rss_measurement": "resident", "sizes": {"edges": 2079616, "max_operations": 256, "vertices": 1000000}, "stage": "matcher.atomic_batch"}
{"elapsed_ns": 20161403, "python_current_bytes": null, "python_peak_bytes": null, "rss_after_bytes": 475578368, "rss_before_bytes": 475504640, "rss_measurement": "resident", "sizes": {"edges": 2079616, "requests": 256, "vertices": 1000000}, "stage": "durable.apply"}
{"elapsed_ns": 19244938, "python_current_bytes": null, "python_peak_bytes": null, "rss_after_bytes": 475680768, "rss_before_bytes": 475586560, "rss_measurement": "resident", "sizes": {"edges": 2079872, "max_operations": 256, "vertices": 1000000}, "stage": "matcher.atomic_batch"}
{"elapsed_ns": 19618357, "python_current_bytes": null, "python_peak_bytes": null, "rss_after_bytes": 475648000, "rss_before_bytes": 475566080, "rss_measurement": "resident", "sizes": {"edges": 2079872, "requests": 256, "vertices": 1000000}, "stage": "durable.apply"}
{"elapsed_ns": 21555164, "python_current_bytes": null, "python_peak_bytes": null, "rss_after_bytes": 475750400, "rss_before_bytes": 475656192, "rss_measurement": "resident", "sizes": {"edges": 2080128, "max_operations": 256, "vertices": 1000000}, "stage": "matcher.atomic_batch"}
{"elapsed_ns": 21982126, "python_current_bytes": null, "python_peak_bytes": null, "rss_after_bytes": 475717632, "rss_before_bytes": 475635712, "rss_measurement": "resident", "sizes": {"edges": 2080128, "requests": 256, "vertices": 1000000}, "stage": "durable.apply"}
{"elapsed_ns": 20320321, "python_current_bytes": null, "python_peak_bytes": null, "rss_after_bytes": 475820032, "rss_before_bytes": 475725824, "rss_measurement": "resident", "sizes": {"edges": 2080384, "max_operations": 256, "vertices": 1000000}, "stage": "matcher.atomic_batch"}
{"elapsed_ns": 20749908, "python_current_bytes": null, "python_peak_bytes": null, "rss_after_bytes": 475787264, "rss_before_bytes": 475705344, "rss_measurement": "resident", "sizes": {"edges": 2080384, "requests": 256, "vertices": 1000000}, "stage": "durable.apply"}
{"elapsed_ns": 19816317, "python_current_bytes": null, "python_peak_bytes": null, "rss_after_bytes": 475889664, "rss_before_bytes": 475795456, "rss_measurement": "resident", "sizes": {"edges": 2080640, "max_operations": 256, "vertices": 1000000}, "stage": "matcher.atomic_batch"}
{"elapsed_ns": 20200945, "python_current_bytes": null, "python_peak_bytes": null, "rss_after_bytes": 475856896, "rss_before_bytes": 475774976, "rss_measurement": "resident", "sizes": {"edges": 2080640, "requests": 256, "vertices": 1000000}, "stage": "durable.apply"}
{"elapsed_ns": 19205563, "python_current_bytes": null, "python_peak_bytes": null, "rss_after_bytes": 475959296, "rss_before_bytes": 475873280, "rss_measurement": "resident", "sizes": {"edges": 2080896, "max_operations": 256, "vertices": 1000000}, "stage": "matcher.atomic_batch"}
{"elapsed_ns": 19600232, "python_current_bytes": null, "python_peak_bytes": null, "rss_after_bytes": 475926528, "rss_before_bytes": 475852800, "rss_measurement": "resident", "sizes": {"edges": 2080896, "requests": 256, "vertices": 1000000}, "stage": "durable.apply"}
{"elapsed_ns": 19822901, "python_current_bytes": null, "python_peak_bytes": null, "rss_after_bytes": 476028928, "rss_before_bytes": 475934720, "rss_measurement": "resident", "sizes": {"edges": 2081152, "max_operations": 256, "vertices": 1000000}, "stage": "matcher.atomic_batch"}
{"elapsed_ns": 20201445, "python_current_bytes": null, "python_peak_bytes": null, "rss_after_bytes": 475996160, "rss_before_bytes": 475914240, "rss_measurement": "resident", "sizes": {"edges": 2081152, "requests": 256, "vertices": 1000000}, "stage": "durable.apply"}
{"elapsed_ns": 19353564, "python_current_bytes": null, "python_peak_bytes": null, "rss_after_bytes": 476098560, "rss_before_bytes": 476012544, "rss_measurement": "resident", "sizes": {"edges": 2081408, "max_operations": 256, "vertices": 1000000}, "stage": "matcher.atomic_batch"}
{"elapsed_ns": 19733025, "python_current_bytes": null, "python_peak_bytes": null, "rss_after_bytes": 476065792, "rss_before_bytes": 475992064, "rss_measurement": "resident", "sizes": {"edges": 2081408, "requests": 256, "vertices": 1000000}, "stage": "durable.apply"}
{"elapsed_ns": 19657816, "python_current_bytes": null, "python_peak_bytes": null, "rss_after_bytes": 476168192, "rss_before_bytes": 476073984, "rss_measurement": "resident", "sizes": {"edges": 2081664, "max_operations": 256, "vertices": 1000000}, "stage": "matcher.atomic_batch"}
{"elapsed_ns": 20023277, "python_current_bytes": null, "python_peak_bytes": null, "rss_after_bytes": 476135424, "rss_before_bytes": 476053504, "rss_measurement": "resident", "sizes": {"edges": 2081664, "requests": 256, "vertices": 1000000}, "stage": "durable.apply"}
{"elapsed_ns": 19636941, "python_current_bytes": null, "python_peak_bytes": null, "rss_after_bytes": 476237824, "rss_before_bytes": 476143616, "rss_measurement": "resident", "sizes": {"edges": 2081920, "max_operations": 256, "vertices": 1000000}, "stage": "matcher.atomic_batch"}
{"elapsed_ns": 19995360, "python_current_bytes": null, "python_peak_bytes": null, "rss_after_bytes": 476205056, "rss_before_bytes": 476123136, "rss_measurement": "resident", "sizes": {"edges": 2081920, "requests": 256, "vertices": 1000000}, "stage": "durable.apply"}
{"elapsed_ns": 19073312, "python_current_bytes": null, "python_peak_bytes": null, "rss_after_bytes": 476311552, "rss_before_bytes": 476221440, "rss_measurement": "resident", "sizes": {"edges": 2082176, "max_operations": 256, "vertices": 1000000}, "stage": "matcher.atomic_batch"}
{"elapsed_ns": 19504648, "python_current_bytes": null, "python_peak_bytes": null, "rss_after_bytes": 476278784, "rss_before_bytes": 476192768, "rss_measurement": "resident", "sizes": {"edges": 2082176, "requests": 256, "vertices": 1000000}, "stage": "durable.apply"}
{"elapsed_ns": 20038235, "python_current_bytes": null, "python_peak_bytes": null, "rss_after_bytes": 476381184, "rss_before_bytes": 476286976, "rss_measurement": "resident", "sizes": {"edges": 2082432, "max_operations": 256, "vertices": 1000000}, "stage": "matcher.atomic_batch"}
{"elapsed_ns": 20408197, "python_current_bytes": null, "python_peak_bytes": null, "rss_after_bytes": 476348416, "rss_before_bytes": 476266496, "rss_measurement": "resident", "sizes": {"edges": 2082432, "requests": 256, "vertices": 1000000}, "stage": "durable.apply"}
{"elapsed_ns": 20072069, "python_current_bytes": null, "python_peak_bytes": null, "rss_after_bytes": 476450816, "rss_before_bytes": 476356608, "rss_measurement": "resident", "sizes": {"edges": 2082688, "max_operations": 256, "vertices": 1000000}, "stage": "matcher.atomic_batch"}
{"elapsed_ns": 20474906, "python_current_bytes": null, "python_peak_bytes": null, "rss_after_bytes": 476418048, "rss_before_bytes": 476336128, "rss_measurement": "resident", "sizes": {"edges": 2082688, "requests": 256, "vertices": 1000000}, "stage": "durable.apply"}
{"elapsed_ns": 19033186, "python_current_bytes": null, "python_peak_bytes": null, "rss_after_bytes": 476520448, "rss_before_bytes": 476434432, "rss_measurement": "resident", "sizes": {"edges": 2082944, "max_operations": 256, "vertices": 1000000}, "stage": "matcher.atomic_batch"}
{"elapsed_ns": 19409856, "python_current_bytes": null, "python_peak_bytes": null, "rss_after_bytes": 476487680, "rss_before_bytes": 476405760, "rss_measurement": "resident", "sizes": {"edges": 2082944, "requests": 256, "vertices": 1000000}, "stage": "durable.apply"}
{"elapsed_ns": 19532107, "python_current_bytes": null, "python_peak_bytes": null, "rss_after_bytes": 476590080, "rss_before_bytes": 476504064, "rss_measurement": "resident", "sizes": {"edges": 2083200, "max_operations": 256, "vertices": 1000000}, "stage": "matcher.atomic_batch"}
{"elapsed_ns": 19910360, "python_current_bytes": null, "python_peak_bytes": null, "rss_after_bytes": 476557312, "rss_before_bytes": 476475392, "rss_measurement": "resident", "sizes": {"edges": 2083200, "requests": 256, "vertices": 1000000}, "stage": "durable.apply"}
{"elapsed_ns": 19968111, "python_current_bytes": null, "python_peak_bytes": null, "rss_after_bytes": 476659712, "rss_before_bytes": 476565504, "rss_measurement": "resident", "sizes": {"edges": 2083456, "max_operations": 256, "vertices": 1000000}, "stage": "matcher.atomic_batch"}
{"elapsed_ns": 20331905, "python_current_bytes": null, "python_peak_bytes": null, "rss_after_bytes": 476626944, "rss_before_bytes": 476545024, "rss_measurement": "resident", "sizes": {"edges": 2083456, "requests": 256, "vertices": 1000000}, "stage": "durable.apply"}
{"elapsed_ns": 20151903, "python_current_bytes": null, "python_peak_bytes": null, "rss_after_bytes": 476729344, "rss_before_bytes": 476635136, "rss_measurement": "resident", "sizes": {"edges": 2083712, "max_operations": 256, "vertices": 1000000}, "stage": "matcher.atomic_batch"}
{"elapsed_ns": 20568073, "python_current_bytes": null, "python_peak_bytes": null, "rss_after_bytes": 476696576, "rss_before_bytes": 476614656, "rss_measurement": "resident", "sizes": {"edges": 2083712, "requests": 256, "vertices": 1000000}, "stage": "durable.apply"}
{"elapsed_ns": 19311647, "python_current_bytes": null, "python_peak_bytes": null, "rss_after_bytes": 476798976, "rss_before_bytes": 476712960, "rss_measurement": "resident", "sizes": {"edges": 2083968, "max_operations": 256, "vertices": 1000000}, "stage": "matcher.atomic_batch"}
{"elapsed_ns": 19698524, "python_current_bytes": null, "python_peak_bytes": null, "rss_after_bytes": 476766208, "rss_before_bytes": 476692480, "rss_measurement": "resident", "sizes": {"edges": 2083968, "requests": 256, "vertices": 1000000}, "stage": "durable.apply"}
{"elapsed_ns": 19990443, "python_current_bytes": null, "python_peak_bytes": null, "rss_after_bytes": 476868608, "rss_before_bytes": 476774400, "rss_measurement": "resident", "sizes": {"edges": 2084224, "max_operations": 256, "vertices": 1000000}, "stage": "matcher.atomic_batch"}
{"elapsed_ns": 20372947, "python_current_bytes": null, "python_peak_bytes": null, "rss_after_bytes": 476835840, "rss_before_bytes": 476753920, "rss_measurement": "resident", "sizes": {"edges": 2084224, "requests": 256, "vertices": 1000000}, "stage": "durable.apply"}
{"elapsed_ns": 19406939, "python_current_bytes": null, "python_peak_bytes": null, "rss_after_bytes": 476938240, "rss_before_bytes": 476852224, "rss_measurement": "resident", "sizes": {"edges": 2084480, "max_operations": 256, "vertices": 1000000}, "stage": "matcher.atomic_batch"}
{"elapsed_ns": 19793609, "python_current_bytes": null, "python_peak_bytes": null, "rss_after_bytes": 476905472, "rss_before_bytes": 476831744, "rss_measurement": "resident", "sizes": {"edges": 2084480, "requests": 256, "vertices": 1000000}, "stage": "durable.apply"}
{"elapsed_ns": 19953485, "python_current_bytes": null, "python_peak_bytes": null, "rss_after_bytes": 477007872, "rss_before_bytes": 476913664, "rss_measurement": "resident", "sizes": {"edges": 2084736, "max_operations": 256, "vertices": 1000000}, "stage": "matcher.atomic_batch"}
{"elapsed_ns": 20312530, "python_current_bytes": null, "python_peak_bytes": null, "rss_after_bytes": 476975104, "rss_before_bytes": 476893184, "rss_measurement": "resident", "sizes": {"edges": 2084736, "requests": 256, "vertices": 1000000}, "stage": "durable.apply"}
{"elapsed_ns": 19837901, "python_current_bytes": null, "python_peak_bytes": null, "rss_after_bytes": 477077504, "rss_before_bytes": 476983296, "rss_measurement": "resident", "sizes": {"edges": 2084992, "max_operations": 256, "vertices": 1000000}, "stage": "matcher.atomic_batch"}
{"elapsed_ns": 20202403, "python_current_bytes": null, "python_peak_bytes": null, "rss_after_bytes": 477044736, "rss_before_bytes": 476962816, "rss_measurement": "resident", "sizes": {"edges": 2084992, "requests": 256, "vertices": 1000000}, "stage": "durable.apply"}
{"elapsed_ns": 19489981, "python_current_bytes": null, "python_peak_bytes": null, "rss_after_bytes": 477147136, "rss_before_bytes": 477052928, "rss_measurement": "resident", "sizes": {"edges": 2085248, "max_operations": 256, "vertices": 1000000}, "stage": "matcher.atomic_batch"}
{"elapsed_ns": 19877568, "python_current_bytes": null, "python_peak_bytes": null, "rss_after_bytes": 477114368, "rss_before_bytes": 477032448, "rss_measurement": "resident", "sizes": {"edges": 2085248, "requests": 256, "vertices": 1000000}, "stage": "durable.apply"}
{"elapsed_ns": 19244397, "python_current_bytes": null, "python_peak_bytes": null, "rss_after_bytes": 477216768, "rss_before_bytes": 477130752, "rss_measurement": "resident", "sizes": {"edges": 2085504, "max_operations": 256, "vertices": 1000000}, "stage": "matcher.atomic_batch"}
{"elapsed_ns": 19633524, "python_current_bytes": null, "python_peak_bytes": null, "rss_after_bytes": 477184000, "rss_before_bytes": 477110272, "rss_measurement": "resident", "sizes": {"edges": 2085504, "requests": 256, "vertices": 1000000}, "stage": "durable.apply"}
{"elapsed_ns": 19734983, "python_current_bytes": null, "python_peak_bytes": null, "rss_after_bytes": 477290496, "rss_before_bytes": 477192192, "rss_measurement": "resident", "sizes": {"edges": 2085760, "max_operations": 256, "vertices": 1000000}, "stage": "matcher.atomic_batch"}
{"elapsed_ns": 20108861, "python_current_bytes": null, "python_peak_bytes": null, "rss_after_bytes": 477257728, "rss_before_bytes": 477171712, "rss_measurement": "resident", "sizes": {"edges": 2085760, "requests": 256, "vertices": 1000000}, "stage": "durable.apply"}
{"elapsed_ns": 19408148, "python_current_bytes": null, "python_peak_bytes": null, "rss_after_bytes": 477364224, "rss_before_bytes": 477274112, "rss_measurement": "resident", "sizes": {"edges": 2086016, "max_operations": 256, "vertices": 1000000}, "stage": "matcher.atomic_batch"}
{"elapsed_ns": 19781817, "python_current_bytes": null, "python_peak_bytes": null, "rss_after_bytes": 477331456, "rss_before_bytes": 477253632, "rss_measurement": "resident", "sizes": {"edges": 2086016, "requests": 256, "vertices": 1000000}, "stage": "durable.apply"}
{"elapsed_ns": 19843650, "python_current_bytes": null, "python_peak_bytes": null, "rss_after_bytes": 477433856, "rss_before_bytes": 477339648, "rss_measurement": "resident", "sizes": {"edges": 2086272, "max_operations": 256, "vertices": 1000000}, "stage": "matcher.atomic_batch"}
{"elapsed_ns": 20242445, "python_current_bytes": null, "python_peak_bytes": null, "rss_after_bytes": 477401088, "rss_before_bytes": 477319168, "rss_measurement": "resident", "sizes": {"edges": 2086272, "requests": 256, "vertices": 1000000}, "stage": "durable.apply"}
{"elapsed_ns": 19132687, "python_current_bytes": null, "python_peak_bytes": null, "rss_after_bytes": 477503488, "rss_before_bytes": 477409280, "rss_measurement": "resident", "sizes": {"edges": 2086528, "max_operations": 256, "vertices": 1000000}, "stage": "matcher.atomic_batch"}
{"elapsed_ns": 19560315, "python_current_bytes": null, "python_peak_bytes": null, "rss_after_bytes": 477470720, "rss_before_bytes": 477388800, "rss_measurement": "resident", "sizes": {"edges": 2086528, "requests": 256, "vertices": 1000000}, "stage": "durable.apply"}
{"elapsed_ns": 20093194, "python_current_bytes": null, "python_peak_bytes": null, "rss_after_bytes": 477573120, "rss_before_bytes": 477487104, "rss_measurement": "resident", "sizes": {"edges": 2086784, "max_operations": 256, "vertices": 1000000}, "stage": "matcher.atomic_batch"}
{"elapsed_ns": 20538448, "python_current_bytes": null, "python_peak_bytes": null, "rss_after_bytes": 477540352, "rss_before_bytes": 477466624, "rss_measurement": "resident", "sizes": {"edges": 2086784, "requests": 256, "vertices": 1000000}, "stage": "durable.apply"}
{"elapsed_ns": 20271404, "python_current_bytes": null, "python_peak_bytes": null, "rss_after_bytes": 477642752, "rss_before_bytes": 477548544, "rss_measurement": "resident", "sizes": {"edges": 2087040, "max_operations": 256, "vertices": 1000000}, "stage": "matcher.atomic_batch"}
{"elapsed_ns": 20757616, "python_current_bytes": null, "python_peak_bytes": null, "rss_after_bytes": 477609984, "rss_before_bytes": 477528064, "rss_measurement": "resident", "sizes": {"edges": 2087040, "requests": 256, "vertices": 1000000}, "stage": "durable.apply"}
{"elapsed_ns": 157043, "python_current_bytes": null, "python_peak_bytes": null, "rss_after_bytes": 477691904, "rss_before_bytes": 477790208, "rss_measurement": "resident", "sizes": {"edges": 2087382, "graph_journals": 1, "graph_snapshots": 0, "vertices": 1000000}, "stage": "matcher.rollback"}
{"elapsed_ns": 6603425, "python_current_bytes": null, "python_peak_bytes": null, "rss_after_bytes": 477642752, "rss_before_bytes": 477626368, "rss_measurement": "resident", "sizes": {"edges": 2087296, "max_operations": 256, "vertices": 1000000}, "stage": "matcher.atomic_batch"}
{"elapsed_ns": 1660528073, "python_current_bytes": null, "python_peak_bytes": null, "rss_after_bytes": 493719552, "rss_before_bytes": 168685568, "rss_measurement": "resident", "sizes": {"edges": 2000000, "saturated_rows": 0, "upper_rows": 1000000, "vertices": 1000000}, "stage": "system.index"}
{"elapsed_ns": 3353716303, "python_current_bytes": null, "python_peak_bytes": null, "rss_after_bytes": 497954816, "rss_before_bytes": 493944832, "rss_measurement": "resident", "sizes": {"edges": 2000000, "seed_edges": 0, "vertices": 1000000}, "stage": "matching.construct"}
{"elapsed_ns": 18612321321, "python_current_bytes": null, "python_peak_bytes": null, "rss_after_bytes": 498950144, "rss_before_bytes": 152674304, "rss_measurement": "resident", "sizes": {"edges": 2000000, "mode_edges": 0, "vertices": 1000000}, "stage": "matcher.rebuild"}
{"elapsed_ns": 56917, "python_current_bytes": null, "python_peak_bytes": null, "rss_after_bytes": 499150848, "rss_before_bytes": 499150848, "rss_measurement": "resident", "sizes": {"edges": 2000000, "graph_journals": 1, "graph_snapshots": 0, "vertices": 1000000}, "stage": "matcher.rollback"}
{"elapsed_ns": 1180092, "python_current_bytes": null, "python_peak_bytes": null, "rss_after_bytes": 499150848, "rss_before_bytes": 498954240, "rss_measurement": "resident", "sizes": {"edges": 2000000, "max_operations": 256, "vertices": 1000000}, "stage": "matcher.atomic_batch"}
{"elapsed_ns": 18644421732, "python_current_bytes": null, "python_peak_bytes": null, "rss_after_bytes": 499150848, "rss_before_bytes": 98676736, "rss_measurement": "resident", "sizes": {"base_edges": 2000000, "history_operations": 87296, "vertices": 1000000}, "stage": "durable.replay"}
{"elapsed_ns": 18703180387, "python_current_bytes": null, "python_peak_bytes": null, "rss_after_bytes": 499150848, "rss_before_bytes": 477605888, "rss_measurement": "resident", "sizes": {"edges": 2087296, "requests": 256, "vertices": 1000000}, "stage": "durable.apply"}
resource query-worker secondary failure=RuntimeError("partner-query load failed; owner_failure=UnavailableError('aborted group could not restore committed paper state')")
Traceback (most recent call last):
  File "/workspace/axiom/durable.py", line 1134, in _apply_inner
    self._restore_committed_matcher()
  File "/workspace/axiom/durable.py", line 963, in _restore_committed_matcher
    ) = self._replay_operations(self._n, self._width, self._metadata)
        ^^^^^^^^^^^^^^^^^^^^^^^^^^^^^^^^^^^^^^^^^^^^^^^^^^^^^^^^^^^^^
  File "/workspace/axiom/durable.py", line 326, in _replay_operations
    return self._replay_operations_inner(n, width, metadata)
           ^^^^^^^^^^^^^^^^^^^^^^^^^^^^^^^^^^^^^^^^^^^^^^^^^
  File "/workspace/axiom/durable.py", line 390, in _replay_operations_inner
    actual = self._transition(bool(adding), left, right)
             ^^^^^^^^^^^^^^^^^^^^^^^^^^^^^^^^^^^^^^^^^^^
  File "/workspace/axiom/durable.py", line 920, in _transition
    self._matcher.insert(left, right)
  File "/workspace/axiom/core.py", line 977, in insert
    self.__edit(u, v, added=True)
  File "/workspace/axiom/core.py", line 1149, in __edit
    mutate(u, v)
MemoryError

The above exception was the direct cause of the following exception:

Traceback (most recent call last):
  File "/workspace/scripts/verify_resource_envelope.py", line 1099, in <module>
    Envelope.cli()
  File "/workspace/scripts/verify_resource_envelope.py", line 1093, in cli
    print(json.dumps(envelope.run(), indent=2))
                     ^^^^^^^^^^^^^^
  File "/workspace/scripts/verify_resource_envelope.py", line 973, in run
    update_seconds, queries = self.update(service)
                              ^^^^^^^^^^^^^^^^^^^^
  File "/workspace/scripts/verify_resource_envelope.py", line 895, in update
    outcomes = service.submit_batch(requests).result(
               ^^^^^^^^^^^^^^^^^^^^^^^^^^^^^^^^^^^^^^
  File "/workspace/axiom/service.py", line 127, in result
    raise self._error
  File "/workspace/axiom/service.py", line 860, in _run
    outcomes = self._owner.apply(
               ^^^^^^^^^^^^^^^^^^
  File "/workspace/axiom/durable.py", line 1022, in apply
    return self._apply_inner(requests)
           ^^^^^^^^^^^^^^^^^^^^^^^^^^^
  File "/workspace/axiom/durable.py", line 1137, in _apply_inner
    raise UnavailableError(
axiom.durable.UnavailableError: aborted group could not restore committed paper state
Traceback (most recent call last):
  File "/workspace/scripts/verify_resource_envelope.py", line 1099, in <module>
    Envelope.cli()
  File "/workspace/scripts/verify_resource_envelope.py", line 1095, in cli
    envelope.launch()
  File "/workspace/scripts/verify_resource_envelope.py", line 1063, in launch
    subprocess.run(
  File "/usr/local/lib/python3.12/subprocess.py", line 571, in run
    raise CalledProcessError(retcode, process.args,
subprocess.CalledProcessError: Command '['/usr/local/bin/python', '-I', '/workspace/scripts/verify_resource_envelope.py', '--directory', '/tmp/vol', '--vertices', '1000000', '--mode', 'multilevel', '--worker', '--growth']' returned non-zero exit status 1.
